卫星数量,方法编号,方法,候选通信转发节点比例,实际参与转发节点比例,实际参与转发唯一卫星数,实际下传唯一卫星数,平均每时刻ISL发送卫星数,最大每时刻ISL发送卫星数,平均每时刻ISL接收卫星数,最大每时刻ISL接收卫星数,平均每时刻下传卫星数,最大每时刻下传卫星数,平均交付中继跳数,最大观测中继跳数,TTL丢弃数据量(MB),熔断丢弃数据量(MB),在线调度时间(s),方法总运行时间(s),交付率,丢包率
100,M1,M1 Full Graph + Greedy,1.0,0.13,13,2,0.136986301369863,1,0.136986301369863,1,0.0273972602739726,1,1.0,4,0.0,8000.0,0.0027926000766456127,0.0057718000607565045,0.25,0.6153846153846154
500,M1,M1 Full Graph + Greedy,1.0,0.046,23,5,0.2602739726027397,3,0.2602739726027397,3,0.0821917808219178,2,1.5833333333333333,4,0.0,8000.0,0.00596850027795881,0.00927929999306798,0.6,0.4
1000,M1,M1 Full Graph + Greedy,1.0,0.032,32,4,0.3424657534246575,5,0.3424657534246575,5,0.0547945205479452,1,1.75,4,750.0,11250.0,0.00971360004041344,0.014354899991303682,0.4,0.6
2000,M1,M1 Full Graph + Greedy,1.0,0.0175,35,7,0.3561643835616438,6,0.3561643835616438,6,0.0958904109589041,3,2.140625,4,3250.0,750.0,0.011341999750584364,0.016836200025863945,0.8,0.2
3000,M1,M1 Full Graph + Greedy,1.0,0.013666666666666667,41,10,0.4383561643835616,10,0.4383561643835616,10,0.136986301369863,4,2.1509433962264155,4,666.6666666666666,1666.6666666666665,0.016090599936433136,0.022545899963006377,0.8833333333333332,0.11666666666666665
4000,M1,M1 Full Graph + Greedy,1.0,0.009,36,11,0.3972602739726027,9,0.3972602739726027,9,0.1506849315068493,4,1.980392156862745,4,0.0,3000.0,0.017049400019459426,0.02419000002555549,0.85,0.15
5000,M1,M1 Full Graph + Greedy,1.0,0.0098,49,16,0.589041095890411,12,0.589041095890411,12,0.2191780821917808,4,2.2470588235294118,4,0.0,3000.0,0.023799100308679044,0.03173030004836619,0.85,0.15
6000,M1,M1 Full Graph + Greedy,1.0,0.011,66,20,0.7671232876712328,16,0.7671232876712328,16,0.273972602739726,4,2.1882352941176473,4,0.0,3000.0,0.033555000089108944,0.04286399995908141,0.85,0.15
7000,M1,M1 Full Graph + Greedy,1.0,0.010714285714285714,75,22,0.8493150684931506,17,0.8493150684931506,17,0.3013698630136986,4,2.2745098039215685,4,1000.0,2000.0,0.03765069996006787,0.047730699996463954,0.85,0.15
8000,M1,M1 Full Graph + Greedy,1.0,0.0115,92,24,1.0410958904109588,20,1.0410958904109588,20,0.3424657534246575,4,2.2650943396226415,4,666.6666666666666,1666.6666666666665,0.04792680044192821,0.05852879991289228,0.8833333333333332,0.11666666666666665
9000,M1,M1 Full Graph + Greedy,1.0,0.011888888888888888,107,25,1.2602739726027397,24,1.2602739726027397,24,0.3561643835616438,4,2.3876739562624256,4,2166.6666666666665,1066.6666666666665,0.06238769961055368,0.07368419994600117,0.8383333333333334,0.16166666666666665
10000,M1,M1 Full Graph + Greedy,1.0,0.0119,119,27,1.356164383561644,28,1.356164383561644,28,0.3698630136986301,4,2.6531206657420237,4,1666.6666666666665,1166.6666666666665,0.0702839995501563,0.08339180005714297,0.8583333333333337,0.14166666666666666
11000,M1,M1 Full Graph + Greedy,1.0,0.012818181818181819,141,27,1.6849315068493151,34,1.6849315068493151,34,0.3698630136986301,4,2.660299943406905,4,900.0,2271.4285714285716,0.09077109966892749,0.10507210006471723,0.8414285714285714,0.15857142857142859
12000,M1,M1 Full Graph + Greedy,1.0,0.013166666666666667,158,28,2.0136986301369864,39,2.0136986301369864,39,0.3835616438356164,4,2.83859351832239,4,650.0,2489.285714285714,0.10986729932483286,0.1249256000155583,0.8430357142857144,0.15696428571428572
13000,M1,M1 Full Graph + Greedy,1.0,0.013461538461538462,175,28,2.2054794520547945,43,2.2054794520547945,43,0.3835616438356164,4,2.7797639708434576,4,1138.888888888889,2855.555555555555,0.1302481001475826,0.14555229991674423,0.800277777777778,0.19972222222222222
14000,M1,M1 Full Graph + Greedy,1.0,0.013428571428571429,188,28,2.3972602739726026,46,2.3972602739726026,46,0.3835616438356164,4,2.8567365801635267,4,1863.888888888889,2508.3333333333335,0.14639159990474582,0.16214570007286966,0.7813888888888889,0.21861111111111114
15000,M1,M1 Full Graph + Greedy,1.0,0.012666666666666666,190,28,2.506849315068493,48,2.506849315068493,48,0.3835616438356164,4,2.796090115519314,4,2063.888888888889,2752.777777777778,0.15765679930336773,0.17466890008654445,0.7591666666666669,0.2408333333333334
16000,M1,M1 Full Graph + Greedy,1.0,0.0133125,213,28,2.767123287671233,53,2.767123287671233,53,0.3835616438356164,4,2.8111797752808987,4,2641.269841269841,3231.7460317460313,0.17642399983014911,0.19499409990385175,0.7063492063492065,0.29365079365079366
17000,M1,M1 Full Graph + Greedy,1.0,0.013235294117647059,225,28,2.9863013698630136,57,2.9863013698630136,57,0.3835616438356164,4,2.88750424832899,4,2066.6666666666665,3922.222222222222,0.200895200134255,0.22017220000270754,0.7005555555555557,0.29944444444444446
18000,M1,M1 Full Graph + Greedy,1.0,0.01361111111111111,245,28,3.2054794520547945,61,3.2054794520547945,61,0.3835616438356164,4,2.8737060041407863,4,3000.0,3200.0,0.22703569976147264,0.24737829994410276,0.6900000000000001,0.31
19000,M1,M1 Full Graph + Greedy,1.0,0.013157894736842105,250,28,3.2739726027397262,62,3.2739726027397262,62,0.3835616438356164,4,2.9047619047619038,4,3100.0,3500.0,0.23951400071382523,0.2604744000127539,0.6700000000000002,0.33
20000,M1,M1 Full Graph + Greedy,1.0,0.01265,253,28,3.328767123287671,63,3.328767123287671,63,0.3835616438356164,4,2.9114086632630114,4,2427.2727272727275,4090.909090909091,0.2559457989409566,0.27900690003298223,0.6740909090909093,0.3259090909090909
100,M2,M2 Top-K Graph + Greedy,1.0,0.13,13,2,0.136986301369863,1,0.136986301369863,1,0.0273972602739726,1,1.0,4,0.0,8000.0,0.0025068004615604877,0.005424699978902936,0.25,0.6153846153846154
500,M2,M2 Top-K Graph + Greedy,1.0,0.046,23,5,0.2602739726027397,3,0.2602739726027397,3,0.0821917808219178,2,1.5833333333333333,4,0.0,8000.0,0.004214399494230747,0.007416400010697544,0.6,0.4
1000,M2,M2 Top-K Graph + Greedy,1.0,0.032,32,4,0.3424657534246575,5,0.3424657534246575,5,0.0547945205479452,1,1.75,4,750.0,11250.0,0.0052880001021549106,0.009205700014717877,0.4,0.6
2000,M2,M2 Top-K Graph + Greedy,1.0,0.0165,33,7,0.3287671232876712,5,0.3287671232876712,5,0.0958904109589041,3,1.921875,4,3250.0,750.0,0.005434899590909481,0.010601499932818115,0.8,0.2
3000,M2,M2 Top-K Graph + Greedy,1.0,0.014,42,9,0.4657534246575342,9,0.4657534246575342,9,0.1232876712328767,3,2.274509803921569,4,666.6666666666666,2333.333333333333,0.007372500258497894,0.013621099991723895,0.85,0.14999999999999997
4000,M2,M2 Top-K Graph + Greedy,1.0,0.01025,41,12,0.4246575342465753,9,0.4246575342465753,9,0.1643835616438356,4,2.2450980392156867,4,0.0,3000.0,0.006911999895237386,0.013481199974194169,0.85,0.15
5000,M2,M2 Top-K Graph + Greedy,1.0,0.0102,51,17,0.6027397260273972,12,0.6027397260273972,12,0.2328767123287671,4,2.288235294117647,4,0.0,3000.0,0.008112899609841406,0.015666300081647933,0.85,0.15
6000,M2,M2 Top-K Graph + Greedy,1.0,0.0115,69,21,0.821917808219178,17,0.821917808219178,17,0.2876712328767123,4,2.3294117647058825,4,0.0,3000.0,0.011177199659869075,0.020527199958451092,0.85,0.15
7000,M2,M2 Top-K Graph + Greedy,1.0,0.010142857142857143,71,23,0.9041095890410958,18,0.9041095890410958,18,0.3150684931506849,4,2.4392156862745096,4,1000.0,2000.0,0.012719899881631136,0.022670299978926778,0.85,0.15
8000,M2,M2 Top-K Graph + Greedy,1.0,0.0115,92,24,1.082191780821918,21,1.082191780821918,21,0.3287671232876712,4,2.271875,4,666.6666666666666,3333.333333333333,0.012754900264553726,0.022734099999070168,0.8,0.19999999999999998
9000,M2,M2 Top-K Graph + Greedy,1.0,0.012,108,24,1.3150684931506849,25,1.3150684931506849,25,0.3287671232876712,4,2.376068376068376,4,2166.6666666666665,2233.333333333333,0.01532760076224804,0.026416699984110892,0.78,0.22
10000,M2,M2 Top-K Graph + Greedy,1.0,0.0115,115,24,1.3972602739726028,29,1.3972602739726028,29,0.3287671232876712,4,2.577963525835866,4,1666.6666666666665,2666.6666666666665,0.016500300145708025,0.028300600009970367,0.7833333333333334,0.21666666666666665
11000,M2,M2 Top-K Graph + Greedy,1.0,0.012636363636363637,139,24,1.726027397260274,35,1.726027397260274,35,0.3287671232876712,4,2.592767295597484,4,1042.857142857143,3814.285714285714,0.0203393999254331,0.03382819995749742,0.7571428571428572,0.24285714285714285
12000,M2,M2 Top-K Graph + Greedy,1.0,0.013416666666666667,161,24,2.0547945205479454,40,2.0547945205479454,40,0.3287671232876712,4,2.760857409133271,4,747.2222222222222,4350.0,0.02340879908297211,0.03785110008902848,0.745138888888889,0.25486111111111115
13000,M2,M2 Top-K Graph + Greedy,1.0,0.013615384615384616,177,26,2.232876712328767,44,2.232876712328767,44,0.3561643835616438,4,2.7377110694183866,4,666.6666666666667,4527.777777777777,0.025195000460371375,0.040230599930509925,0.740277777777778,0.2597222222222222
14000,M2,M2 Top-K Graph + Greedy,1.0,0.013428571428571429,188,26,2.3972602739726026,46,2.3972602739726026,46,0.3561643835616438,4,2.821222606689735,4,1672.2222222222222,3877.777777777778,0.025552300037816167,0.04114879993721843,0.7225000000000001,0.2775
15000,M2,M2 Top-K Graph + Greedy,1.0,0.012933333333333333,194,26,2.506849315068493,48,2.506849315068493,48,0.3561643835616438,4,2.708684582743989,4,1747.2222222222222,4225.0,0.027923399698920548,0.04465539997909218,0.7013888888888891,0.2986111111111111
16000,M2,M2 Top-K Graph + Greedy,1.0,0.013375,214,25,2.7945205479452055,53,2.7945205479452055,53,0.3424657534246575,4,2.7858910891089113,4,2374.6031746031745,4158.730158730159,0.03001019940711558,0.047945300000719726,0.6733333333333335,0.32666666666666666
17000,M2,M2 Top-K Graph + Greedy,1.0,0.013352941176470588,227,23,3.0,57,3.0,57,0.3287671232876712,4,2.8096059113300487,4,2783.333333333333,4327.777777777777,0.03310740028973669,0.05221499991603196,0.6444444444444446,0.35555555555555557
18000,M2,M2 Top-K Graph + Greedy,1.0,0.013666666666666667,246,24,3.219178082191781,61,3.219178082191781,61,0.3287671232876712,4,2.801339285714285,4,3000.0,4200.0,0.03362640039995313,0.05273780005518347,0.6400000000000001,0.36
19000,M2,M2 Top-K Graph + Greedy,1.0,0.013105263157894736,249,26,3.2739726027397262,62,3.2739726027397262,62,0.3561643835616438,4,2.862310815799187,4,2900.0,4200.0,0.03660609957296401,0.05734830000437796,0.6450000000000001,0.355
20000,M2,M2 Top-K Graph + Greedy,1.0,0.01275,255,25,3.328767123287671,63,3.328767123287671,63,0.3424657534246575,4,2.8468707482993185,4,2290.909090909091,4981.818181818182,0.03582629992160946,0.057811400038190186,0.6363636363636366,0.3636363636363636
100,M3,M3 Full Graph + Hungarian,1.0,0.13,13,2,0.136986301369863,1,0.136986301369863,1,0.0273972602739726,1,1.0,4,0.0,8000.0,0.0022276993840932846,0.005184900015592575,0.25,0.6153846153846154
500,M3,M3 Full Graph + Hungarian,1.0,0.046,23,5,0.2602739726027397,3,0.2602739726027397,3,0.0821917808219178,2,1.5833333333333333,4,0.0,8000.0,0.006729099783115089,0.009763200068846345,0.6,0.4
1000,M3,M3 Full Graph + Hungarian,1.0,0.029,29,4,0.3150684931506849,4,0.3150684931506849,4,0.0547945205479452,1,2.5714285714285716,4,0.0,11250.0,0.008846600539982319,0.012595799984410405,0.4375,0.5625
2000,M3,M3 Full Graph + Hungarian,1.0,0.017,34,7,0.3561643835616438,6,0.3561643835616438,6,0.0958904109589041,3,2.140625,4,3250.0,750.0,0.011402500327676535,0.016461499966681004,0.8,0.2
3000,M3,M3 Full Graph + Hungarian,1.0,0.014,42,10,0.4520547945205479,10,0.4520547945205479,10,0.136986301369863,4,2.207547169811321,4,666.6666666666666,1666.6666666666665,0.01671779982279986,0.023220099974423647,0.8833333333333332,0.11666666666666665
4000,M3,M3 Full Graph + Hungarian,1.0,0.009,36,10,0.3972602739726027,9,0.3972602739726027,9,0.1506849315068493,4,1.980392156862745,4,0.0,3000.0,0.016157599864527583,0.02275780006311834,0.85,0.15
5000,M3,M3 Full Graph + Hungarian,1.0,0.0098,49,16,0.5616438356164384,12,0.5616438356164384,12,0.2191780821917808,4,1.888235294117647,4,0.0,3000.0,0.02402380050625652,0.032265600049868226,0.85,0.15
6000,M3,M3 Full Graph + Hungarian,1.0,0.011,66,20,0.7671232876712328,16,0.7671232876712328,16,0.273972602739726,4,1.8588235294117648,4,0.0,3000.0,0.031913200044073164,0.04113040002994239,0.85,0.15
7000,M3,M3 Full Graph + Hungarian,1.0,0.010857142857142857,76,22,0.8493150684931506,17,0.8493150684931506,17,0.3013698630136986,4,1.9568627450980391,4,1000.0,2000.0,0.039328400045633316,0.049763199989683926,0.85,0.15
8000,M3,M3 Full Graph + Hungarian,1.0,0.0115,92,25,1.0273972602739727,20,1.0273972602739727,20,0.3424657534246575,4,2.2311320754716983,4,666.6666666666666,1666.6666666666665,0.04496949887834489,0.05511830002069473,0.8833333333333332,0.11666666666666665
9000,M3,M3 Full Graph + Hungarian,1.0,0.011888888888888888,107,26,1.2328767123287672,24,1.2328767123287672,24,0.3561643835616438,4,2.2365805168986084,4,2566.6666666666665,666.6666666666666,0.058186400099657476,0.06948299997020513,0.8383333333333334,0.16166666666666665
10000,M3,M3 Full Graph + Hungarian,1.0,0.0123,123,27,1.3972602739726028,29,1.3972602739726028,29,0.3698630136986301,4,2.6319327731092423,4,1666.6666666666665,1333.3333333333335,0.0742350994842127,0.08620359993074089,0.8500000000000003,0.14999999999999997
11000,M3,M3 Full Graph + Hungarian,1.0,0.013363636363636364,147,28,1.7397260273972603,35,1.7397260273972603,35,0.3835616438356164,4,2.6909141583054628,4,0.0,2914.2857142857147,0.09236560028512031,0.10558620002120733,0.8542857142857143,0.14571428571428574
12000,M3,M3 Full Graph + Hungarian,1.0,0.013333333333333334,160,28,2.0136986301369864,39,2.0136986301369864,39,0.3835616438356164,4,2.8230818765055217,4,872.2222222222222,2489.285714285714,0.12084600061643869,0.1349101000232622,0.8319246031746034,0.16807539682539682
13000,M3,M3 Full Graph + Hungarian,1.0,0.01323076923076923,172,29,2.2054794520547945,43,2.2054794520547945,43,0.3972602739726027,4,2.8036413135953717,4,1013.8888888888889,2661.1111111111113,0.13162489980459213,0.14725899999029934,0.8162500000000003,0.18375
14000,M3,M3 Full Graph + Hungarian,1.0,0.013285714285714286,186,28,2.3835616438356166,46,2.3835616438356166,46,0.3835616438356164,4,2.8464127546501334,4,1961.111111111111,2358.3333333333335,0.14528889954090118,0.16058030002750456,0.7840277777777779,0.2159722222222222
15000,M3,M3 Full Graph + Hungarian,1.0,0.0128,192,28,2.506849315068493,48,2.506849315068493,48,0.3835616438356164,4,2.821224489795918,4,1766.666666666667,2677.777777777778,0.16171099990606308,0.17866029997821897,0.7777777777777779,0.22222222222222227
16000,M3,M3 Full Graph + Hungarian,1.0,0.01325,212,28,2.780821917808219,53,2.780821917808219,53,0.3835616438356164,4,2.948073976800175,4,2415.873015873016,3079.365079365079,0.1841390001354739,0.2014752000104636,0.7252380952380955,0.27476190476190476
17000,M3,M3 Full Graph + Hungarian,1.0,0.013117647058823529,223,28,3.0,57,3.0,57,0.3835616438356164,4,2.903799331861163,4,1961.111111111111,4022.222222222222,0.2057476001791656,0.22448510001413524,0.7008333333333335,0.2991666666666667
18000,M3,M3 Full Graph + Hungarian,1.0,0.013777777777777778,248,29,3.219178082191781,61,3.219178082191781,61,0.3972602739726027,4,2.9118541033434644,4,2800.0,3100.0,0.23369619948789477,0.2544224999146536,0.7050000000000001,0.295
19000,M3,M3 Full Graph + Hungarian,1.0,0.013157894736842105,250,28,3.287671232876712,62,3.287671232876712,62,0.3835616438356164,4,2.919687277896232,4,3100.0,3500.0,0.2513591004535556,0.2740903999656439,0.6700000000000002,0.33
20000,M3,M3 Full Graph + Hungarian,1.0,0.01265,253,28,3.3424657534246576,63,3.3424657534246576,63,0.3835616438356164,4,2.919687277896232,4,2109.090909090909,4490.909090909091,0.27197259990498424,0.2952400000067428,0.6700000000000002,0.33
100,M4,M4 Top-K Graph + Hungarian,1.0,0.13,13,2,0.136986301369863,1,0.136986301369863,1,0.0273972602739726,1,1.0,4,0.0,8000.0,0.0021526997443288565,0.0050478000193834305,0.25,0.6153846153846154
500,M4,M4 Top-K Graph + Hungarian,1.0,0.046,23,5,0.2602739726027397,3,0.2602739726027397,3,0.0821917808219178,2,1.5833333333333333,4,0.0,8000.0,0.004688000422902405,0.008078600047156215,0.6,0.4
1000,M4,M4 Top-K Graph + Hungarian,1.0,0.029,29,4,0.3150684931506849,4,0.3150684931506849,4,0.0547945205479452,1,2.5714285714285716,4,0.0,11250.0,0.004791199811734259,0.008673999924212694,0.4375,0.5625
2000,M4,M4 Top-K Graph + Hungarian,1.0,0.016,32,7,0.3287671232876712,5,0.3287671232876712,5,0.0958904109589041,3,1.921875,4,3250.0,750.0,0.005400399910286069,0.010451899957843125,0.8,0.2
3000,M4,M4 Top-K Graph + Hungarian,1.0,0.014,42,9,0.4657534246575342,9,0.4657534246575342,9,0.1232876712328767,3,2.274509803921569,4,666.6666666666666,2333.333333333333,0.0062374003464356065,0.012094800011254847,0.85,0.14999999999999997
4000,M4,M4 Top-K Graph + Hungarian,1.0,0.01,40,11,0.4246575342465753,9,0.4246575342465753,9,0.1643835616438356,4,2.2450980392156867,4,0.0,3000.0,0.00612200063187629,0.013297199970111251,0.85,0.15
5000,M4,M4 Top-K Graph + Hungarian,1.0,0.0098,49,17,0.5753424657534246,12,0.5753424657534246,12,0.2328767123287671,4,2.2,4,0.0,3000.0,0.008354199584573507,0.016280899988487363,0.85,0.15
6000,M4,M4 Top-K Graph + Hungarian,1.0,0.011,66,21,0.8082191780821918,17,0.8082191780821918,17,0.2876712328767123,4,2.2705882352941176,4,0.0,3000.0,0.010352500015869737,0.019253999926149845,0.85,0.15
7000,M4,M4 Top-K Graph + Hungarian,1.0,0.010714285714285714,75,23,0.8904109589041096,18,0.8904109589041096,18,0.3150684931506849,4,2.3568627450980393,4,1000.0,2000.0,0.012187000131234527,0.022334099980071187,0.85,0.15
8000,M4,M4 Top-K Graph + Hungarian,1.0,0.0115,92,23,1.0684931506849316,21,1.0684931506849316,21,0.3150684931506849,4,2.199367088607595,4,666.6666666666666,3533.333333333333,0.012604199349880219,0.02279429999180138,0.79,0.21
9000,M4,M4 Top-K Graph + Hungarian,1.0,0.012222222222222223,110,24,1.3150684931506849,25,1.3150684931506849,25,0.3287671232876712,4,2.4615384615384617,4,2166.6666666666665,2233.333333333333,0.015280099236406386,0.026468299911357462,0.78,0.22
10000,M4,M4 Top-K Graph + Hungarian,1.0,0.012,120,25,1.3972602739726028,29,1.3972602739726028,29,0.3424657534246575,4,2.600751879699248,4,1666.6666666666665,2500.0,0.016570400213822722,0.02844530006404966,0.7916666666666667,0.20833333333333331
11000,M4,M4 Top-K Graph + Hungarian,1.0,0.012909090909090908,142,24,1.7397260273972603,35,1.7397260273972603,35,0.3287671232876712,4,2.638364779874214,4,0.0,4857.142857142857,0.01977929996792227,0.0330292999278754,0.7571428571428572,0.24285714285714285
12000,M4,M4 Top-K Graph + Hungarian,1.0,0.0135,162,24,2.0684931506849313,40,2.0684931506849313,40,0.3287671232876712,4,2.781851851851852,4,525.0,4474.999999999999,0.02434209967032075,0.03976580000016838,0.7500000000000002,0.25
13000,M4,M4 Top-K Graph + Hungarian,1.0,0.01353846153846154,176,26,2.26027397260274,44,2.26027397260274,44,0.3561643835616438,4,2.767729831144466,4,666.6666666666667,4527.777777777777,0.026985900243744254,0.04214330005925149,0.740277777777778,0.2597222222222222
14000,M4,M4 Top-K Graph + Hungarian,1.0,0.013428571428571429,188,25,2.3972602739726026,46,2.3972602739726026,46,0.3424657534246575,4,2.810936591041304,4,1547.2222222222222,4127.777777777777,0.025849599391222,0.04214069992303848,0.71625,0.28375
15000,M4,M4 Top-K Graph + Hungarian,1.0,0.0132,198,25,2.506849315068493,48,2.506849315068493,48,0.3424657534246575,4,2.6975577783477243,4,1725.0,4350.0,0.027416299446485937,0.044131699949502945,0.6962500000000001,0.30375
16000,M4,M4 Top-K Graph + Hungarian,1.0,0.0134375,215,25,2.7945205479452055,53,2.7945205479452055,53,0.3424657534246575,4,2.7858910891089113,4,2438.095238095238,4095.238095238095,0.029709300841204822,0.04653089994098991,0.6733333333333335,0.32666666666666666
17000,M4,M4 Top-K Graph + Hungarian,1.0,0.013470588235294118,229,25,3.0,57,3.0,57,0.3424657534246575,4,2.820788093204831,4,2561.1111111111113,4427.777777777777,0.03339540050365031,0.05284869996830821,0.6505555555555558,0.34944444444444445
18000,M4,M4 Top-K Graph + Hungarian,1.0,0.013888888888888888,250,25,3.219178082191781,61,3.219178082191781,61,0.3424657534246575,4,2.81063122923588,4,2800.0,4300.0,0.03670930000953376,0.05746279994491488,0.6450000000000001,0.355
19000,M4,M4 Top-K Graph + Hungarian,1.0,0.013157894736842105,250,26,3.2739726027397262,62,3.2739726027397262,62,0.3561643835616438,4,2.862310815799187,4,3000.0,4100.0,0.03698349976912141,0.05696610000450164,0.6450000000000001,0.355
20000,M4,M4 Top-K Graph + Hungarian,1.0,0.0128,256,25,3.328767123287671,63,3.328767123287671,63,0.3424657534246575,4,2.848515725833842,4,2454.5454545454545,4800.0,0.03830750018823892,0.060751000070013106,0.6372727272727274,0.3627272727272727
100,M5,M5 NSGA-III + Full Graph + Greedy,0.26,0.05,5,2,0.0684931506849315,1,0.0684931506849315,1,0.0273972602739726,1,3.1,4,0.0,0.0,0.0013799999142065644,2.6052222000434995,0.25,0.0
500,M5,M5 NSGA-III + Full Graph + Greedy,0.384,0.032,16,7,0.136986301369863,1,0.136986301369863,1,0.0958904109589041,1,1.6666666666666667,3,0.0,0.0,0.0031229000305756927,3.833685899968259,0.975,0.0
1000,M5,M5 NSGA-III + Full Graph + Greedy,0.386,0.017,17,6,0.1917808219178082,2,0.1917808219178082,2,0.0958904109589041,2,2.2,4,0.0,0.0,0.005873699439689517,5.355701899970882,1.0,0.0
2000,M5,M5 NSGA-III + Full Graph + Greedy,0.3975,0.009,18,6,0.1917808219178082,2,0.1917808219178082,2,0.0958904109589041,1,2.25,3,0.0,0.0,0.006603300105780363,6.840486799948849,1.0,0.0
3000,M5,M5 NSGA-III + Full Graph + Greedy,0.406,0.007,21,7,0.2191780821917808,3,0.2191780821917808,3,0.0958904109589041,2,2.275,4,0.0,0.0,0.008113599848002195,8.172517500002868,1.0,0.0
4000,M5,M5 NSGA-III + Full Graph + Greedy,0.373,0.00475,19,8,0.1643835616438356,2,0.1643835616438356,2,0.1095890410958904,2,1.8,3,0.0,0.0,0.007269199471920729,9.063090099953115,1.0,0.0
5000,M5,M5 NSGA-III + Full Graph + Greedy,0.4004,0.004,20,8,0.1643835616438356,4,0.1643835616438356,4,0.1095890410958904,3,1.725,3,0.0,0.0,0.007793000666424632,10.000401299912483,1.0,0.0
6000,M5,M5 NSGA-III + Full Graph + Greedy,0.37883333333333336,0.0033333333333333335,20,7,0.2328767123287671,4,0.2328767123287671,4,0.0958904109589041,3,2.189189189189189,4,0.0,1500.0,0.010540399700403214,11.336328999954276,0.925,0.075
7000,M5,M5 NSGA-III + Full Graph + Greedy,0.4175714285714286,0.003142857142857143,22,9,0.2054794520547945,4,0.2054794520547945,4,0.1232876712328767,2,1.9375,3,0.0,0.0,0.011703399126417935,12.539705299888737,1.0,0.0
8000,M5,M5 NSGA-III + Full Graph + Greedy,0.3655,0.003,24,8,0.2465753424657534,6,0.2465753424657534,6,0.1232876712328767,3,2.1578947368421053,3,0.0,1000.0,0.011574799078516662,13.386932300054468,0.95,0.05
9000,M5,M5 NSGA-III + Full Graph + Greedy,0.37966666666666665,0.0024444444444444444,22,10,0.2054794520547945,4,0.2054794520547945,4,0.136986301369863,3,1.725,3,0.0,0.0,0.010922599700279534,14.342076999950223,1.0,0.0
10000,M5,M5 NSGA-III + Full Graph + Greedy,0.3837,0.0022,22,7,0.2191780821917808,4,0.2191780821917808,4,0.0958904109589041,2,2.6,4,0.0,0.0,0.013942599878646433,15.642314700060524,1.0,0.0
11000,M5,M5 NSGA-III + Full Graph + Greedy,0.36254545454545456,0.0016363636363636363,18,7,0.1643835616438356,3,0.1643835616438356,3,0.0958904109589041,2,1.85,3,0.0,0.0,0.011720100068487227,16.874224900035188,1.0,0.0
12000,M5,M5 NSGA-III + Full Graph + Greedy,0.39125,0.0016666666666666668,20,8,0.2054794520547945,3,0.2054794520547945,3,0.1095890410958904,2,2.1,4,0.0,0.0,0.017370199784636497,17.79643870005384,1.0,0.0
13000,M5,M5 NSGA-III + Full Graph + Greedy,0.3533846153846154,0.0016153846153846153,21,8,0.2191780821917808,4,0.2191780821917808,4,0.1095890410958904,3,1.8888888888888888,4,0.0,2000.0,0.016547500621527433,18.828613899997436,0.9,0.1
14000,M5,M5 NSGA-III + Full Graph + Greedy,0.34364285714285714,0.0018571428571428571,26,10,0.273972602739726,7,0.273972602739726,7,0.136986301369863,4,2.2,4,0.0,0.0,0.017394899856299162,19.749840100179426,1.0,0.0
15000,M5,M5 NSGA-III + Full Graph + Greedy,0.392,0.0020666666666666667,31,9,0.3287671232876712,6,0.3287671232876712,6,0.1232876712328767,3,2.3749999999999996,4,666.6666666666666,666.6666666666666,0.01854390068911016,20.696094600018114,0.9333333333333333,0.06666666666666667
16000,M5,M5 NSGA-III + Full Graph + Greedy,0.337875,0.002,32,9,0.3561643835616438,7,0.3561643835616438,7,0.1232876712328767,3,1.8741721854304636,4,0.0,1125.0,0.02148780005518347,21.69544899999164,0.94375,0.05625
17000,M5,M5 NSGA-III + Full Graph + Greedy,0.3133529411764706,0.0018823529411764706,32,12,0.2876712328767123,5,0.2876712328767123,5,0.1643835616438356,3,2.0249999999999995,3,0.0,0.0,0.018875299603678286,23.420429600053467,1.0,0.0
18000,M5,M5 NSGA-III + Full Graph + Greedy,0.3636666666666667,0.0019444444444444444,35,11,0.3698630136986301,7,0.3698630136986301,7,0.1506849315068493,3,2.595833333333333,4,0.0,0.0,0.02621510054450482,24.458695499924943,1.0,0.0
19000,M5,M5 NSGA-III + Full Graph + Greedy,0.3728947368421053,0.0014736842105263158,28,11,0.2465753424657534,8,0.2465753424657534,8,0.1506849315068493,4,1.85,3,0.0,0.0,0.01881869975477457,25.641374600003473,1.0,0.0
20000,M5,M5 NSGA-III + Full Graph + Greedy,0.3399,0.00155,31,7,0.3424657534246575,7,0.3424657534246575,7,0.0958904109589041,2,2.111111111111111,4,666.6666666666666,1333.3333333333333,0.023320699227042496,26.98948989994824,0.9,0.1
100,M6,M6 NSGA-III + Top-K Graph + Greedy,0.26,0.05,5,2,0.0684931506849315,1,0.0684931506849315,1,0.0273972602739726,1,3.1,4,0.0,0.0,0.001313801039941609,2.605040700058453,0.25,0.0
500,M6,M6 NSGA-III + Top-K Graph + Greedy,0.384,0.034,17,7,0.1506849315068493,1,0.1506849315068493,1,0.0958904109589041,1,1.9230769230769231,3,0.0,0.0,0.002864100388251245,3.833403200027533,0.975,0.0
1000,M6,M6 NSGA-III + Top-K Graph + Greedy,0.386,0.017,17,6,0.1917808219178082,2,0.1917808219178082,2,0.0958904109589041,2,2.2,4,0.0,0.0,0.003291199798695743,5.352883799932897,1.0,0.0
2000,M6,M6 NSGA-III + Top-K Graph + Greedy,0.3975,0.01,20,6,0.2191780821917808,2,0.2191780821917808,2,0.0821917808219178,1,2.3055555555555554,4,0.0,2000.0,0.004128000233322382,6.8375824998365715,0.9,0.1
3000,M6,M6 NSGA-III + Top-K Graph + Greedy,0.406,0.006333333333333333,19,7,0.1917808219178082,3,0.1917808219178082,3,0.0958904109589041,2,2.225,3,0.0,0.0,0.004454099340364337,8.169123200001195,1.0,0.0
4000,M6,M6 NSGA-III + Top-K Graph + Greedy,0.373,0.0055,22,8,0.1917808219178082,3,0.1917808219178082,3,0.1095890410958904,2,2.25,4,0.0,0.0,0.0039302000077441335,9.059135899995454,1.0,0.0
5000,M6,M6 NSGA-III + Top-K Graph + Greedy,0.4004,0.004,20,7,0.1780821917808219,4,0.1780821917808219,4,0.1095890410958904,3,1.875,3,0.0,0.0,0.0041017994517460465,9.996520199929364,1.0,0.0
6000,M6,M6 NSGA-III + Top-K Graph + Greedy,0.37883333333333336,0.0045,27,7,0.3150684931506849,5,0.3150684931506849,5,0.0958904109589041,2,2.7567567567567566,4,0.0,1500.0,0.005886800121515989,11.33128309994936,0.925,0.075
7000,M6,M6 NSGA-III + Top-K Graph + Greedy,0.4175714285714286,0.0035714285714285713,25,9,0.2465753424657534,4,0.2465753424657534,4,0.1232876712328767,2,2.2,4,0.0,0.0,0.005814198753796518,12.533419299987145,1.0,0.0
8000,M6,M6 NSGA-III + Top-K Graph + Greedy,0.3655,0.00325,26,9,0.273972602739726,6,0.273972602739726,6,0.1232876712328767,4,2.3684210526315788,4,0.0,1000.0,0.005385399097576737,13.380809900118038,0.95,0.05
9000,M6,M6 NSGA-III + Top-K Graph + Greedy,0.37966666666666665,0.002777777777777778,25,9,0.273972602739726,5,0.273972602739726,5,0.136986301369863,4,2.475,4,0.0,0.0,0.005891699809581041,14.337099699885584,1.0,0.0
10000,M6,M6 NSGA-III + Top-K Graph + Greedy,0.3837,0.002,20,7,0.2191780821917808,4,0.2191780821917808,4,0.0958904109589041,2,2.6,4,0.0,0.0,0.005517200566828251,15.634601500001736,1.0,0.0
11000,M6,M6 NSGA-III + Top-K Graph + Greedy,0.36254545454545456,0.0018181818181818182,20,7,0.2054794520547945,3,0.2054794520547945,3,0.0958904109589041,2,2.45,4,0.0,0.0,0.005653000087477267,16.867959199938923,1.0,0.0
12000,M6,M6 NSGA-III + Top-K Graph + Greedy,0.39125,0.002,24,8,0.2602739726027397,4,0.2602739726027397,4,0.1095890410958904,2,2.45,4,0.0,0.0,0.006467199884355068,17.78521040000487,1.0,0.0
13000,M6,M6 NSGA-III + Top-K Graph + Greedy,0.3533846153846154,0.0016923076923076924,22,8,0.2602739726027397,4,0.2602739726027397,4,0.1095890410958904,2,2.2222222222222223,4,0.0,2000.0,0.006689899833872914,18.817725699977018,0.9,0.1
14000,M6,M6 NSGA-III + Top-K Graph + Greedy,0.34364285714285714,0.0020714285714285713,29,9,0.3287671232876712,7,0.3287671232876712,7,0.136986301369863,3,2.625,4,0.0,0.0,0.007448599790222943,19.739645600086078,1.0,0.0
15000,M6,M6 NSGA-III + Top-K Graph + Greedy,0.392,0.002266666666666667,34,9,0.3835616438356164,7,0.3835616438356164,7,0.1232876712328767,3,2.4999999999999996,4,666.6666666666666,666.6666666666666,0.0076277999905869365,20.684468700084835,0.9333333333333333,0.06666666666666667
16000,M6,M6 NSGA-III + Top-K Graph + Greedy,0.337875,0.00225,36,7,0.4520547945205479,8,0.4520547945205479,8,0.1095890410958904,2,2.4594594594594597,4,0.0,1500.0,0.008656999678350985,21.682399799930863,0.925,0.075
17000,M6,M6 NSGA-III + Top-K Graph + Greedy,0.3133529411764706,0.002235294117647059,38,9,0.3972602739726027,6,0.3972602739726027,6,0.136986301369863,4,2.703703703703703,4,0.0,2000.0,0.008948099566623569,23.41053049999755,0.9000000000000001,0.1
18000,M6,M6 NSGA-III + Top-K Graph + Greedy,0.3636666666666667,0.0019444444444444444,35,10,0.3561643835616438,7,0.3561643835616438,7,0.136986301369863,3,2.4305555555555554,4,0.0,2000.0,0.00847569981124252,24.440608299919404,0.9,0.1
19000,M6,M6 NSGA-III + Top-K Graph + Greedy,0.3728947368421053,0.0015789473684210526,30,11,0.3150684931506849,8,0.3150684931506849,8,0.1506849315068493,4,2.525,4,0.0,0.0,0.008235799963586032,25.630443900008686,1.0,0.0
20000,M6,M6 NSGA-III + Top-K Graph + Greedy,0.3399,0.0016,32,7,0.3698630136986301,8,0.3698630136986301,8,0.0958904109589041,2,2.388888888888889,4,666.6666666666666,1333.3333333333333,0.008760199416428804,26.974063100060448,0.9,0.1
100,M7,M7 NSGA-III + Full Graph + Hungarian,0.26,0.05,5,2,0.0684931506849315,1,0.0684931506849315,1,0.0273972602739726,1,3.1,4,0.0,0.0,0.0016067000105977058,2.6054885000921786,0.25,0.0
500,M7,M7 NSGA-III + Full Graph + Hungarian,0.384,0.032,16,7,0.136986301369863,1,0.136986301369863,1,0.0958904109589041,1,1.6666666666666667,3,0.0,0.0,0.002838699845597148,3.8331960000796244,0.975,0.0
1000,M7,M7 NSGA-III + Full Graph + Hungarian,0.386,0.017,17,6,0.1917808219178082,2,0.1917808219178082,2,0.0958904109589041,2,2.2,4,0.0,0.0,0.005556199233978987,5.355158100021072,1.0,0.0
2000,M7,M7 NSGA-III + Full Graph + Hungarian,0.3975,0.009,18,6,0.1917808219178082,2,0.1917808219178082,2,0.0958904109589041,1,2.25,3,0.0,0.0,0.006200599716976285,6.840053100022487,1.0,0.0
3000,M7,M7 NSGA-III + Full Graph + Hungarian,0.406,0.007,21,7,0.2191780821917808,3,0.2191780821917808,3,0.0958904109589041,2,2.275,4,0.0,0.0,0.008152700145728886,8.172708000056446,1.0,0.0
4000,M7,M7 NSGA-III + Full Graph + Hungarian,0.373,0.00475,19,8,0.1643835616438356,2,0.1643835616438356,2,0.1095890410958904,2,1.8,3,0.0,0.0,0.007347599719651043,9.062630800064653,1.0,0.0
5000,M7,M7 NSGA-III + Full Graph + Hungarian,0.4004,0.004,20,8,0.1643835616438356,4,0.1643835616438356,4,0.1095890410958904,3,1.725,3,0.0,0.0,0.00784949993249029,10.000006499933079,1.0,0.0
6000,M7,M7 NSGA-III + Full Graph + Hungarian,0.37883333333333336,0.0031666666666666666,19,7,0.1917808219178082,4,0.1917808219178082,4,0.0958904109589041,3,1.5945945945945945,4,0.0,1500.0,0.008940900326706469,11.334238199982792,0.925,0.075
7000,M7,M7 NSGA-III + Full Graph + Hungarian,0.4175714285714286,0.003142857142857143,22,9,0.2054794520547945,4,0.2054794520547945,4,0.1232876712328767,2,1.9375,3,0.0,0.0,0.011744199320673943,12.539724400034174,1.0,0.0
8000,M7,M7 NSGA-III + Full Graph + Hungarian,0.3655,0.003,24,8,0.2465753424657534,6,0.2465753424657534,6,0.1232876712328767,3,2.1578947368421053,3,0.0,1000.0,0.011830799747258425,13.387393799959682,0.95,0.05
9000,M7,M7 NSGA-III + Full Graph + Hungarian,0.37966666666666665,0.0024444444444444444,22,10,0.2054794520547945,4,0.2054794520547945,4,0.136986301369863,3,1.725,3,0.0,0.0,0.012001499766483903,14.343644599895924,1.0,0.0
10000,M7,M7 NSGA-III + Full Graph + Hungarian,0.3837,0.0022,22,7,0.2191780821917808,4,0.2191780821917808,4,0.0958904109589041,2,2.6,4,0.0,0.0,0.014352999161928892,15.64296770002693,1.0,0.0
11000,M7,M7 NSGA-III + Full Graph + Hungarian,0.36254545454545456,0.0016363636363636363,18,7,0.1643835616438356,3,0.1643835616438356,3,0.0958904109589041,2,1.85,3,0.0,0.0,0.012300499714910984,16.874914600048214,1.0,0.0
12000,M7,M7 NSGA-III + Full Graph + Hungarian,0.39125,0.0016666666666666668,20,8,0.2054794520547945,3,0.2054794520547945,3,0.1095890410958904,2,2.1,4,0.0,0.0,0.01642940065357834,17.795410300022922,1.0,0.0
13000,M7,M7 NSGA-III + Full Graph + Hungarian,0.3533846153846154,0.0016153846153846153,21,8,0.2191780821917808,4,0.2191780821917808,4,0.1095890410958904,3,1.8888888888888888,4,0.0,2000.0,0.017046099645085633,18.82931079994887,0.9,0.1
14000,M7,M7 NSGA-III + Full Graph + Hungarian,0.34364285714285714,0.0018571428571428571,26,10,0.273972602739726,7,0.273972602739726,7,0.136986301369863,4,2.2,4,0.0,0.0,0.018139700521714985,19.74992750014644,1.0,0.0
15000,M7,M7 NSGA-III + Full Graph + Hungarian,0.392,0.0020666666666666667,31,9,0.3287671232876712,6,0.3287671232876712,6,0.1232876712328767,3,2.3749999999999996,4,666.6666666666666,666.6666666666666,0.020367999793961644,20.697957900119945,0.9333333333333333,0.06666666666666667
16000,M7,M7 NSGA-III + Full Graph + Hungarian,0.337875,0.002,32,9,0.3561643835616438,7,0.3561643835616438,7,0.1232876712328767,3,1.8741721854304636,4,0.0,1125.0,0.021443899255245924,21.6956667000195,0.94375,0.05625
17000,M7,M7 NSGA-III + Full Graph + Hungarian,0.3133529411764706,0.0018235294117647058,31,12,0.2876712328767123,5,0.2876712328767123,5,0.1643835616438356,3,2.0249999999999995,3,0.0,0.0,0.02068329998292029,23.422481700079516,1.0,0.0
18000,M7,M7 NSGA-III + Full Graph + Hungarian,0.3636666666666667,0.0019444444444444444,35,11,0.3698630136986301,7,0.3698630136986301,7,0.1506849315068493,3,2.595833333333333,4,0.0,0.0,0.02573069930076599,24.45872270001564,1.0,0.0
19000,M7,M7 NSGA-III + Full Graph + Hungarian,0.3728947368421053,0.0015263157894736842,29,11,0.2465753424657534,8,0.2465753424657534,8,0.1506849315068493,4,1.85,3,0.0,0.0,0.01920149987563491,25.64109099993948,1.0,0.0
20000,M7,M7 NSGA-III + Full Graph + Hungarian,0.3399,0.00155,31,7,0.3424657534246575,7,0.3424657534246575,7,0.0958904109589041,2,2.111111111111111,4,666.6666666666666,1333.3333333333333,0.023654800839722157,26.989680200000294,0.9,0.1
100,M8,M8 Proposed: NSGA-III + Top-K Graph + Hungarian,0.26,0.05,5,2,0.0684931506849315,1,0.0684931506849315,1,0.0273972602739726,1,3.1,4,0.0,0.0,0.0015329000307247043,2.60553559998516,0.25,0.0
500,M8,M8 Proposed: NSGA-III + Top-K Graph + Hungarian,0.384,0.034,17,7,0.1506849315068493,1,0.1506849315068493,1,0.0958904109589041,1,1.9230769230769231,3,0.0,0.0,0.002899900544434786,3.8333519001025707,0.975,0.0
1000,M8,M8 Proposed: NSGA-III + Top-K Graph + Hungarian,0.386,0.017,17,6,0.1917808219178082,2,0.1917808219178082,2,0.0958904109589041,2,2.2,4,0.0,0.0,0.0032676998525857925,5.35308780008927,1.0,0.0
2000,M8,M8 Proposed: NSGA-III + Top-K Graph + Hungarian,0.3975,0.01,20,6,0.2191780821917808,2,0.2191780821917808,2,0.0821917808219178,1,2.3055555555555554,4,0.0,2000.0,0.004379200399853289,6.837827399955131,0.9,0.1
3000,M8,M8 Proposed: NSGA-III + Top-K Graph + Hungarian,0.406,0.006333333333333333,19,7,0.1917808219178082,3,0.1917808219178082,3,0.0958904109589041,2,2.225,3,0.0,0.0,0.004099299549125135,8.16847889998462,1.0,0.0
4000,M8,M8 Proposed: NSGA-III + Top-K Graph + Hungarian,0.373,0.0055,22,8,0.1917808219178082,3,0.1917808219178082,3,0.1095890410958904,2,2.25,4,0.0,0.0,0.00414920027833432,9.059856200008653,1.0,0.0
5000,M8,M8 Proposed: NSGA-III + Top-K Graph + Hungarian,0.4004,0.004,20,7,0.1780821917808219,4,0.1780821917808219,4,0.1095890410958904,3,1.875,3,0.0,0.0,0.0038332995027303696,9.995558099937625,1.0,0.0
6000,M8,M8 Proposed: NSGA-III + Top-K Graph + Hungarian,0.37883333333333336,0.0045,27,7,0.3013698630136986,5,0.3013698630136986,5,0.0958904109589041,2,2.7027027027027026,4,0.0,1500.0,0.005257299984805286,11.33027190004941,0.925,0.075
7000,M8,M8 Proposed: NSGA-III + Top-K Graph + Hungarian,0.4175714285714286,0.0035714285714285713,25,9,0.2465753424657534,4,0.2465753424657534,4,0.1232876712328767,2,2.2,4,0.0,0.0,0.004967000102624297,12.531865400029346,1.0,0.0
8000,M8,M8 Proposed: NSGA-III + Top-K Graph + Hungarian,0.3655,0.00325,26,9,0.273972602739726,6,0.273972602739726,6,0.1232876712328767,4,2.3684210526315788,4,0.0,1000.0,0.0056435997830703855,13.38122740003746,0.95,0.05
9000,M8,M8 Proposed: NSGA-III + Top-K Graph + Hungarian,0.37966666666666665,0.0025555555555555557,23,9,0.273972602739726,5,0.273972602739726,5,0.136986301369863,4,2.475,4,0.0,0.0,0.006186599493958056,14.33920819987543,1.0,0.0
10000,M8,M8 Proposed: NSGA-III + Top-K Graph + Hungarian,0.3837,0.002,20,7,0.2191780821917808,4,0.2191780821917808,4,0.0958904109589041,2,2.6,4,0.0,0.0,0.005512099480256438,15.634080700110644,1.0,0.0
11000,M8,M8 Proposed: NSGA-III + Top-K Graph + Hungarian,0.36254545454545456,0.0018181818181818182,20,7,0.2054794520547945,3,0.2054794520547945,3,0.0958904109589041,2,2.45,4,0.0,0.0,0.005825500003993511,16.86852560006082,1.0,0.0
12000,M8,M8 Proposed: NSGA-III + Top-K Graph + Hungarian,0.39125,0.002,24,8,0.2602739726027397,4,0.2602739726027397,4,0.1095890410958904,2,2.45,4,0.0,0.0,0.006822099909186363,17.786717399954796,1.0,0.0
13000,M8,M8 Proposed: NSGA-III + Top-K Graph + Hungarian,0.3533846153846154,0.0016923076923076924,22,8,0.2602739726027397,4,0.2602739726027397,4,0.1095890410958904,2,2.2222222222222223,4,0.0,2000.0,0.006863398943096399,18.818822799948975,0.9,0.1
14000,M8,M8 Proposed: NSGA-III + Top-K Graph + Hungarian,0.34364285714285714,0.0020714285714285713,29,9,0.3287671232876712,7,0.3287671232876712,7,0.136986301369863,3,2.625,4,0.0,0.0,0.007398300222121179,19.73880230006762,1.0,0.0
15000,M8,M8 Proposed: NSGA-III + Top-K Graph + Hungarian,0.392,0.002266666666666667,34,9,0.3835616438356164,7,0.3835616438356164,7,0.1232876712328767,3,2.4999999999999996,4,666.6666666666666,666.6666666666666,0.007921999669633806,20.686011400073767,0.9333333333333333,0.06666666666666667
16000,M8,M8 Proposed: NSGA-III + Top-K Graph + Hungarian,0.337875,0.00225,36,7,0.4520547945205479,8,0.4520547945205479,8,0.1095890410958904,2,2.4594594594594597,4,0.0,1500.0,0.008866699528880417,21.683342599892057,0.925,0.075
17000,M8,M8 Proposed: NSGA-III + Top-K Graph + Hungarian,0.3133529411764706,0.002235294117647059,38,9,0.3972602739726027,6,0.3972602739726027,6,0.136986301369863,4,2.703703703703703,4,0.0,2000.0,0.008800700306892395,23.41044430003967,0.9000000000000001,0.1
18000,M8,M8 Proposed: NSGA-III + Top-K Graph + Hungarian,0.3636666666666667,0.0019444444444444444,35,10,0.3561643835616438,7,0.3561643835616438,7,0.136986301369863,3,2.4305555555555554,4,0.0,2000.0,0.00800320040434599,24.439666499965824,0.9,0.1
19000,M8,M8 Proposed: NSGA-III + Top-K Graph + Hungarian,0.3728947368421053,0.0015789473684210526,30,11,0.3150684931506849,8,0.3150684931506849,8,0.1506849315068493,4,2.525,4,0.0,0.0,0.00875169993378222,25.632284600054845,1.0,0.0
20000,M8,M8 Proposed: NSGA-III + Top-K Graph + Hungarian,0.3399,0.0016,32,7,0.3698630136986301,8,0.3698630136986301,8,0.0958904109589041,2,2.388888888888889,4,666.6666666666666,1333.3333333333333,0.009154199506156147,26.97496849996969,0.9,0.1
