satellite_count,task_data_mb,task_gen_rate,task_arrival_offered_mb,offered_load_mb,load_factor,repeat,repeat_count,eval_repeats,method_id,label,activation,candidate_graph,matcher,use_topk,sense_active_count,comm_active_count,activation_ratio,delivery_ratio,delivery_ratio_offered,delivered_mb,generated_mb,dropped_mb,packet_loss_rate,actual_forward_participation_ratio,avg_delivery_latency_s,online_scheduling_time_s,simulation_runtime_s,activation_runtime_s,total_runtime_s,utility,color,row_type,statistic,delivery_ratio_std,delivery_ratio_q25,delivery_ratio_q75,delivery_ratio_offered_std,delivery_ratio_offered_q25,delivery_ratio_offered_q75,online_scheduling_time_s_std,online_scheduling_time_s_q25,online_scheduling_time_s_q75,total_runtime_s_std,total_runtime_s_q25,total_runtime_s_q75,activation_ratio_std,activation_ratio_q25,activation_ratio_q75,actual_forward_participation_ratio_std,actual_forward_participation_ratio_q25,actual_forward_participation_ratio_q75,avg_delivery_latency_s_std,avg_delivery_latency_s_q25,avg_delivery_latency_s_q75,packet_loss_rate_std,packet_loss_rate_q25,packet_loss_rate_q75,utility_std,utility_q25,utility_q75
2500,20000.0,100.0,1114400.0,20000.0,1.0,1,1,1,M7,M7 NSGA-III + Full Graph + Hungarian,NSGA-III,Full Graph,Hungarian,False,218.0,861.0,0.3444,1.0,1.0,20000.0,20000.0,0.0,0.0,0.0092,289.5,0.008092300267890096,0.014545599929988384,8.96550100017339,8.980046600103378,170000.0,#E6AB02,repeat,repeat,,,,,,,,,,,,,,,,,,,,,,,,,,,
2500,20000.0,100.0,1114400.0,20000.0,1.0,1,1,1,M8,M8 Proposed: NSGA-III + Top-K Graph + Hungarian,NSGA-III,Top-K Graph,Hungarian,True,210.0,906.0,0.3624,0.975,0.975,19500.0,20000.0,500.0,0.025,0.006,115.38461538461539,0.0043903018813580275,0.010677899932488799,7.712318800156936,7.722996700089425,165750.0,#1F78B4,repeat,repeat,,,,,,,,,,,,,,,,,,,,,,,,,,,
2500,25000.0,125.0,1378300.0,25000.0,1.25,1,1,1,M7,M7 NSGA-III + Full Graph + Hungarian,NSGA-III,Full Graph,Hungarian,False,198.0,811.0,0.3244,1.0,1.0,25000.0,25000.0,0.0,0.0,0.0108,366.6,0.00933519983664155,0.015574599849060178,9.118498999858275,9.134073599707335,212500.0,#E6AB02,repeat,repeat,,,,,,,,,,,,,,,,,,,,,,,,,,,
2500,25000.0,125.0,1378300.0,25000.0,1.25,1,1,1,M8,M8 Proposed: NSGA-III + Top-K Graph + Hungarian,NSGA-III,Top-K Graph,Hungarian,True,208.0,776.0,0.3104,0.968,0.968,24200.0,25000.0,800.0,0.032,0.008,119.00826446280992,0.004859300330281258,0.011475899955257773,7.838254299946129,7.849730199901387,205700.0,#1F78B4,repeat,repeat,,,,,,,,,,,,,,,,,,,,,,,,,,,
2500,30000.0,150.0,1655700.0,30000.0,1.5,1,1,1,M7,M7 NSGA-III + Full Graph + Hungarian,NSGA-III,Full Graph,Hungarian,False,210.0,978.0,0.3912,1.0,1.0,30000.0,30000.0,0.0,0.0,0.008,123.0,0.006513400934636593,0.013060600031167269,9.470426100073382,9.48348670010455,255000.0,#E6AB02,repeat,repeat,,,,,,,,,,,,,,,,,,,,,,,,,,,
2500,30000.0,150.0,1655700.0,30000.0,1.5,1,1,1,M8,M8 Proposed: NSGA-III + Top-K Graph + Hungarian,NSGA-III,Top-K Graph,Hungarian,True,409.0,1461.0,0.5844,0.9333333333333333,0.9333333333333333,28000.0,30000.0,2000.0,0.06666666666666667,0.0116,248.57142857142858,0.0062342004384845495,0.01249620015732944,8.201313399942592,8.213809600099921,238000.0,#1F78B4,repeat,repeat,,,,,,,,,,,,,,,,,,,,,,,,,,,
2500,35000.0,175.0,1918400.0,35000.0,1.75,1,1,1,M7,M7 NSGA-III + Full Graph + Hungarian,NSGA-III,Full Graph,Hungarian,False,293.0,1154.0,0.4616,1.0,1.0,35000.0,35000.0,0.0,0.0,0.0092,148.71428571428572,0.008063498418778181,0.014768300112336874,9.604935399955139,9.619703700067475,297500.0,#E6AB02,repeat,repeat,,,,,,,,,,,,,,,,,,,,,,,,,,,
2500,35000.0,175.0,1918400.0,35000.0,1.75,1,1,1,M8,M8 Proposed: NSGA-III + Top-K Graph + Hungarian,NSGA-III,Top-K Graph,Hungarian,True,264.0,1176.0,0.4704,1.0,1.0,35000.0,35000.0,0.0,0.0,0.01,261.42857142857144,0.004962998908013105,0.010801899945363402,8.13677930017002,8.147581200115383,297500.0,#1F78B4,repeat,repeat,,,,,,,,,,,,,,,,,,,,,,,,,,,
2500,40000.0,200.0,2202700.0,40000.0,2.0,1,1,1,M7,M7 NSGA-III + Full Graph + Hungarian,NSGA-III,Full Graph,Hungarian,False,256.0,1047.0,0.4188,0.975,0.975,39000.0,39000.0,0.0,0.0,0.0084,80.76923076923077,0.007528998423367739,0.014484799932688475,9.767521600006148,9.782006399938837,331500.0,#E6AB02,repeat,repeat,,,,,,,,,,,,,,,,,,,,,,,,,,,
2500,40000.0,200.0,2202700.0,40000.0,2.0,1,1,1,M8,M8 Proposed: NSGA-III + Top-K Graph + Hungarian,NSGA-III,Top-K Graph,Hungarian,True,288.0,1204.0,0.4816,0.775,0.775,31000.0,40000.0,9000.0,0.225,0.014,329.03225806451616,0.007464099675416946,0.014065700117498636,8.381087800022215,8.395153500139713,263500.0,#1F78B4,repeat,repeat,,,,,,,,,,,,,,,,,,,,,,,,,,,
2500,45000.0,225.0,2448400.0,45000.0,2.25,1,1,1,M7,M7 NSGA-III + Full Graph + Hungarian,NSGA-III,Full Graph,Hungarian,False,215.0,1072.0,0.4288,0.9333333333333333,0.9333333333333333,42000.0,45000.0,3000.0,0.06666666666666667,0.0092,153.57142857142858,0.009471699362620711,0.016343599883839488,9.775475200032815,9.791818799916655,357000.0,#E6AB02,repeat,repeat,,,,,,,,,,,,,,,,,,,,,,,,,,,
2500,45000.0,225.0,2448400.0,45000.0,2.25,1,1,1,M8,M8 Proposed: NSGA-III + Top-K Graph + Hungarian,NSGA-III,Top-K Graph,Hungarian,True,204.0,958.0,0.3832,0.9333333333333333,0.9333333333333333,42000.0,45000.0,3000.0,0.06666666666666667,0.0104,203.57142857142858,0.006448299624025822,0.012546899961307645,8.090431699994951,8.10297859995626,357000.0,#1F78B4,repeat,repeat,,,,,,,,,,,,,,,,,,,,,,,,,,,
2500,50000.0,250.0,2760200.0,50000.0,2.5,1,1,1,M7,M7 NSGA-III + Full Graph + Hungarian,NSGA-III,Full Graph,Hungarian,False,171.0,867.0,0.3468,0.8,0.8,40000.0,50000.0,10000.0,0.2,0.0092,56.25,0.006167801097035408,0.012821999844163656,9.617334600072354,9.630156599916518,340000.0,#E6AB02,repeat,repeat,,,,,,,,,,,,,,,,,,,,,,,,,,,
2500,50000.0,250.0,2760200.0,50000.0,2.5,1,1,1,M8,M8 Proposed: NSGA-III + Top-K Graph + Hungarian,NSGA-III,Top-K Graph,Hungarian,True,241.0,1031.0,0.4124,0.8,0.8,40000.0,50000.0,10000.0,0.2,0.0132,206.25,0.007082200609147549,0.013996199937537313,8.183426700066775,8.197422900004312,340000.0,#1F78B4,repeat,repeat,,,,,,,,,,,,,,,,,,,,,,,,,,,
2500,55000.0,275.0,3010200.0,55000.0,2.75,1,1,1,M7,M7 NSGA-III + Full Graph + Hungarian,NSGA-III,Full Graph,Hungarian,False,230.0,992.0,0.3968,0.9454545454545454,0.9454545454545454,52000.0,55000.0,3000.0,0.05454545454545454,0.0112,57.69230769230769,0.010079699801281095,0.01710509997792542,11.547784300055355,11.56488940003328,442000.0,#E6AB02,repeat,repeat,,,,,,,,,,,,,,,,,,,,,,,,,,,
2500,55000.0,275.0,3010200.0,55000.0,2.75,1,1,1,M8,M8 Proposed: NSGA-III + Top-K Graph + Hungarian,NSGA-III,Top-K Graph,Hungarian,True,218.0,1083.0,0.4332,0.8545454545454545,0.8545454545454545,47000.0,55000.0,8000.0,0.14545454545454545,0.016,175.53191489361703,0.00869450019672513,0.015752899926155806,9.413068199995905,9.428821099922061,399500.0,#1F78B4,repeat,repeat,,,,,,,,,,,,,,,,,,,,,,,,,,,
2500,60000.0,300.0,3261500.0,60000.0,3.0,1,1,1,M7,M7 NSGA-III + Full Graph + Hungarian,NSGA-III,Full Graph,Hungarian,False,243.0,1016.0,0.4064,0.8,0.8,48000.0,60000.0,12000.0,0.2,0.0144,93.75,0.011059798067435622,0.0181511000264436,10.834054599981755,10.852205700008199,408000.0,#E6AB02,repeat,repeat,,,,,,,,,,,,,,,,,,,,,,,,,,,
2500,60000.0,300.0,3261500.0,60000.0,3.0,1,1,1,M8,M8 Proposed: NSGA-III + Top-K Graph + Hungarian,NSGA-III,Top-K Graph,Hungarian,True,375.0,1368.0,0.5472,0.7666666666666667,0.7666666666666667,46000.0,60000.0,14000.0,0.23333333333333334,0.014,146.7391304347826,0.007962400326505303,0.015757599845528603,9.991544799879193,10.007302399724722,391000.0,#1F78B4,repeat,repeat,,,,,,,,,,,,,,,,,,,,,,,,,,,
2500,65000.0,325.0,3568400.0,65000.0,3.25,1,1,1,M7,M7 NSGA-III + Full Graph + Hungarian,NSGA-III,Full Graph,Hungarian,False,247.0,1059.0,0.4236,0.8615384615384616,0.8615384615384616,56000.0,65000.0,9000.0,0.13846153846153847,0.0152,120.53571428571429,0.012441898928955197,0.019221599912270904,11.544161399826407,11.563382999738678,476000.0,#E6AB02,repeat,repeat,,,,,,,,,,,,,,,,,,,,,,,,,,,
2500,65000.0,325.0,3568400.0,65000.0,3.25,1,1,1,M8,M8 Proposed: NSGA-III + Top-K Graph + Hungarian,NSGA-III,Top-K Graph,Hungarian,True,251.0,1061.0,0.4244,0.7384615384615385,0.7384615384615385,48000.0,65000.0,17000.0,0.26153846153846155,0.014,93.75,0.007180601358413696,0.01428420003503561,9.188519000075758,9.202803200110793,408000.0,#1F78B4,repeat,repeat,,,,,,,,,,,,,,,,,,,,,,,,,,,
2500,70000.0,350.0,3845200.0,70000.0,3.5,1,1,1,M7,M7 NSGA-III + Full Graph + Hungarian,NSGA-III,Full Graph,Hungarian,False,235.0,1043.0,0.4172,0.8142857142857143,0.8142857142857143,57000.0,62000.0,5000.0,0.08064516129032258,0.012,89.47368421052632,0.009891198016703129,0.01748910010792315,11.072619399987161,11.090108500095084,484500.0,#E6AB02,repeat,repeat,,,,,,,,,,,,,,,,,,,,,,,,,,,
2500,70000.0,350.0,3845200.0,70000.0,3.5,1,1,1,M8,M8 Proposed: NSGA-III + Top-K Graph + Hungarian,NSGA-III,Top-K Graph,Hungarian,True,316.0,1188.0,0.4752,0.6857142857142857,0.6857142857142857,48000.0,70000.0,22000.0,0.3142857142857143,0.0172,215.625,0.00906760012730956,0.016695700120180845,9.708046300103888,9.724742000224069,408000.0,#1F78B4,repeat,repeat,,,,,,,,,,,,,,,,,,,,,,,,,,,
2500,75000.0,375.0,4081400.0,75000.0,3.75,1,1,1,M7,M7 NSGA-III + Full Graph + Hungarian,NSGA-III,Full Graph,Hungarian,False,262.0,950.0,0.38,0.7333333333333333,0.7333333333333333,55000.0,75000.0,20000.0,0.26666666666666666,0.0116,13.636363636363637,0.00984410080127418,0.01730789989233017,11.291565699968487,11.308873599860817,467500.0,#E6AB02,repeat,repeat,,,,,,,,,,,,,,,,,,,,,,,,,,,
2500,75000.0,375.0,4081400.0,75000.0,3.75,1,1,1,M8,M8 Proposed: NSGA-III + Top-K Graph + Hungarian,NSGA-III,Top-K Graph,Hungarian,True,307.0,1302.0,0.5208,0.6666666666666666,0.6666666666666666,50000.0,75000.0,25000.0,0.3333333333333333,0.0176,135.0,0.009537100326269865,0.01758800004608929,9.75176510005258,9.76935310009867,425000.0,#1F78B4,repeat,repeat,,,,,,,,,,,,,,,,,,,,,,,,,,,
2500,80000.0,400.0,4410400.0,80000.0,4.0,1,1,1,M7,M7 NSGA-III + Full Graph + Hungarian,NSGA-III,Full Graph,Hungarian,False,206.0,903.0,0.3612,0.775,0.775,62000.0,78000.0,16000.0,0.20512820512820512,0.018,108.87096774193549,0.013961099786683917,0.021561000030487776,12.890013399999589,12.911574400030077,527000.0,#E6AB02,repeat,repeat,,,,,,,,,,,,,,,,,,,,,,,,,,,
2500,80000.0,400.0,4410400.0,80000.0,4.0,1,1,1,M8,M8 Proposed: NSGA-III + Top-K Graph + Hungarian,NSGA-III,Top-K Graph,Hungarian,True,250.0,1173.0,0.4692,0.65,0.65,52000.0,80000.0,21000.0,0.2625,0.0184,72.11538461538461,0.009382600663229823,0.01728979987092316,10.639514099806547,10.65680389967747,440950.0,#1F78B4,repeat,repeat,,,,,,,,,,,,,,,,,,,,,,,,,,,
5000,20000.0,100.0,1114400.0,20000.0,1.0,1,1,1,M7,M7 NSGA-III + Full Graph + Hungarian,NSGA-III,Full Graph,Hungarian,False,440.0,1746.0,0.3492,1.0,1.0,20000.0,20000.0,0.0,0.0,0.0036,93.375,0.008082299958914518,0.017037899931892753,13.572596800047904,13.589634699979797,170000.0,#E6AB02,repeat,repeat,,,,,,,,,,,,,,,,,,,,,,,,,,,
5000,20000.0,100.0,1114400.0,20000.0,1.0,1,1,1,M8,M8 Proposed: NSGA-III + Top-K Graph + Hungarian,NSGA-III,Top-K Graph,Hungarian,True,424.0,1783.0,0.3566,1.0,1.0,20000.0,20000.0,0.0,0.0,0.0046,223.5,0.0058370004408061504,0.015378099866211414,10.742753400001675,10.758131499867886,170000.0,#1F78B4,repeat,repeat,,,,,,,,,,,,,,,,,,,,,,,,,,,
5000,25000.0,125.0,1378300.0,25000.0,1.25,1,1,1,M7,M7 NSGA-III + Full Graph + Hungarian,NSGA-III,Full Graph,Hungarian,False,416.0,1561.0,0.3122,1.0,1.0,25000.0,25000.0,0.0,0.0,0.0048,292.8,0.009661401389166713,0.018654300132766366,13.756137700052932,13.774792000185698,212500.0,#E6AB02,repeat,repeat,,,,,,,,,,,,,,,,,,,,,,,,,,,
5000,25000.0,125.0,1378300.0,25000.0,1.25,1,1,1,M8,M8 Proposed: NSGA-III + Top-K Graph + Hungarian,NSGA-III,Top-K Graph,Hungarian,True,404.0,1762.0,0.3524,0.984,0.984,24600.0,25000.0,400.0,0.016,0.0042,125.0,0.005649098195135593,0.015071599977090955,10.685228999936953,10.700300599914044,209100.0,#1F78B4,repeat,repeat,,,,,,,,,,,,,,,,,,,,,,,,,,,
5000,30000.0,150.0,1655700.0,30000.0,1.5,1,1,1,M7,M7 NSGA-III + Full Graph + Hungarian,NSGA-III,Full Graph,Hungarian,False,411.0,1790.0,0.358,1.0,1.0,30000.0,30000.0,0.0,0.0,0.0044,175.75,0.01072609843686223,0.02039450011216104,14.149603400146589,14.16999790025875,255000.0,#E6AB02,repeat,repeat,,,,,,,,,,,,,,,,,,,,,,,,,,,
5000,30000.0,150.0,1655700.0,30000.0,1.5,1,1,1,M8,M8 Proposed: NSGA-III + Top-K Graph + Hungarian,NSGA-III,Top-K Graph,Hungarian,True,456.0,1918.0,0.3836,0.96,0.96,28800.0,30000.0,1200.0,0.04,0.005,286.4583333333333,0.006299101049080491,0.016075400169938803,11.331715000094846,11.347790400264785,244800.0,#1F78B4,repeat,repeat,,,,,,,,,,,,,,,,,,,,,,,,,,,
5000,35000.0,175.0,1918400.0,35000.0,1.75,1,1,1,M7,M7 NSGA-III + Full Graph + Hungarian,NSGA-III,Full Graph,Hungarian,False,476.0,2072.0,0.4144,1.0,1.0,35000.0,35000.0,0.0,0.0,0.0042,100.71428571428571,0.009557399665936828,0.019474900094792247,14.071727100061253,14.091202000156045,297500.0,#E6AB02,repeat,repeat,,,,,,,,,,,,,,,,,,,,,,,,,,,
5000,35000.0,175.0,1918400.0,35000.0,1.75,1,1,1,M8,M8 Proposed: NSGA-III + Top-K Graph + Hungarian,NSGA-III,Top-K Graph,Hungarian,True,422.0,1905.0,0.381,0.9428571428571428,0.9428571428571428,33000.0,35000.0,2000.0,0.05714285714285714,0.0046,150.0,0.00606640032492578,0.01579830003902316,11.029050099896267,11.04484839993529,280500.0,#1F78B4,repeat,repeat,,,,,,,,,,,,,,,,,,,,,,,,,,,
5000,40000.0,200.0,2202700.0,40000.0,2.0,1,1,1,M7,M7 NSGA-III + Full Graph + Hungarian,NSGA-III,Full Graph,Hungarian,False,432.0,1902.0,0.3804,1.0,1.0,40000.0,40000.0,0.0,0.0,0.005,120.0,0.01125230174511671,0.02119440003298223,14.712390600005165,14.733585000038147,340000.0,#E6AB02,repeat,repeat,,,,,,,,,,,,,,,,,,,,,,,,,,,
5000,40000.0,200.0,2202700.0,40000.0,2.0,1,1,1,M8,M8 Proposed: NSGA-III + Top-K Graph + Hungarian,NSGA-III,Top-K Graph,Hungarian,True,555.0,2207.0,0.4414,0.925,0.925,37000.0,40000.0,3000.0,0.075,0.006,247.2972972972973,0.006944499211385846,0.0175050999969244,11.490083599928766,11.507588699925691,314500.0,#1F78B4,repeat,repeat,,,,,,,,,,,,,,,,,,,,,,,,,,,
5000,45000.0,225.0,2448400.0,45000.0,2.25,1,1,1,M7,M7 NSGA-III + Full Graph + Hungarian,NSGA-III,Full Graph,Hungarian,False,520.0,1962.0,0.3924,1.0,1.0,45000.0,45000.0,0.0,0.0,0.0054,120.0,0.01132910093292594,0.02066850010305643,14.745326400035992,14.765994900139049,382500.0,#E6AB02,repeat,repeat,,,,,,,,,,,,,,,,,,,,,,,,,,,
5000,45000.0,225.0,2448400.0,45000.0,2.25,1,1,1,M8,M8 Proposed: NSGA-III + Top-K Graph + Hungarian,NSGA-III,Top-K Graph,Hungarian,True,511.0,2143.0,0.4286,0.9111111111111111,0.9111111111111111,41000.0,45000.0,4000.0,0.08888888888888889,0.0058,164.6341463414634,0.006717500975355506,0.017463000025600195,11.313105099834502,11.330568099860102,348500.0,#1F78B4,repeat,repeat,,,,,,,,,,,,,,,,,,,,,,,,,,,
5000,50000.0,250.0,2760200.0,50000.0,2.5,1,1,1,M7,M7 NSGA-III + Full Graph + Hungarian,NSGA-III,Full Graph,Hungarian,False,418.0,1849.0,0.3698,1.0,1.0,50000.0,50000.0,0.0,0.0,0.0056,150.0,0.010628399904817343,0.01957060000859201,15.03460849984549,15.054179099854082,425000.0,#E6AB02,repeat,repeat,,,,,,,,,,,,,,,,,,,,,,,,,,,
5000,50000.0,250.0,2760200.0,50000.0,2.5,1,1,1,M8,M8 Proposed: NSGA-III + Top-K Graph + Hungarian,NSGA-III,Top-K Graph,Hungarian,True,617.0,2531.0,0.5062,0.859,0.859,42950.0,50000.0,7050.0,0.141,0.0064,163.44586728754365,0.008042398374527693,0.018594600027427077,11.452715799910948,11.471310399938375,365075.0,#1F78B4,repeat,repeat,,,,,,,,,,,,,,,,,,,,,,,,,,,
5000,55000.0,275.0,3010200.0,55000.0,2.75,1,1,1,M7,M7 NSGA-III + Full Graph + Hungarian,NSGA-III,Full Graph,Hungarian,False,446.0,2107.0,0.4214,1.0,1.0,55000.0,55000.0,0.0,0.0,0.0066,117.27272727272727,0.014359998283907771,0.024853100068867207,16.863293000031263,16.88814610010013,467500.0,#E6AB02,repeat,repeat,,,,,,,,,,,,,,,,,,,,,,,,,,,
5000,55000.0,275.0,3010200.0,55000.0,2.75,1,1,1,M8,M8 Proposed: NSGA-III + Top-K Graph + Hungarian,NSGA-III,Top-K Graph,Hungarian,True,902.0,3008.0,0.6016,0.8909090909090909,0.8909090909090909,49000.0,55000.0,6000.0,0.10909090909090909,0.0084,174.48979591836735,0.008995899464935064,0.02095589996315539,12.937389600090683,12.958345500053838,416500.0,#1F78B4,repeat,repeat,,,,,,,,,,,,,,,,,,,,,,,,,,,
5000,60000.0,300.0,3261500.0,60000.0,3.0,1,1,1,M7,M7 NSGA-III + Full Graph + Hungarian,NSGA-III,Full Graph,Hungarian,False,679.0,2542.0,0.5084,0.9333333333333333,0.9333333333333333,56000.0,60000.0,4000.0,0.06666666666666667,0.0068,120.53571428571429,0.01451550074853003,0.025592300109565258,17.508340699831024,17.53393299994059,476000.0,#E6AB02,repeat,repeat,,,,,,,,,,,,,,,,,,,,,,,,,,,
5000,60000.0,300.0,3261500.0,60000.0,3.0,1,1,1,M8,M8 Proposed: NSGA-III + Top-K Graph + Hungarian,NSGA-III,Top-K Graph,Hungarian,True,776.0,2683.0,0.5366,0.8833333333333333,0.8833333333333333,53000.0,60000.0,7000.0,0.11666666666666667,0.0084,141.50943396226415,0.01064249873161316,0.021999600110575557,13.081952099921182,13.103951700031757,450500.0,#1F78B4,repeat,repeat,,,,,,,,,,,,,,,,,,,,,,,,,,,
5000,65000.0,325.0,3568400.0,65000.0,3.25,1,1,1,M7,M7 NSGA-III + Full Graph + Hungarian,NSGA-III,Full Graph,Hungarian,False,450.0,2092.0,0.4184,1.0,1.0,65000.0,65000.0,0.0,0.0,0.0074,152.30769230769232,0.015935200499370694,0.026102500036358833,17.88949380000122,17.915596300037578,552500.0,#E6AB02,repeat,repeat,,,,,,,,,,,,,,,,,,,,,,,,,,,
5000,65000.0,325.0,3568400.0,65000.0,3.25,1,1,1,M8,M8 Proposed: NSGA-III + Top-K Graph + Hungarian,NSGA-III,Top-K Graph,Hungarian,True,852.0,2774.0,0.5548,0.8692307692307693,0.8692307692307693,56500.0,65000.0,8500.0,0.13076923076923078,0.0088,160.61946902654867,0.01052369992248714,0.022339000133797526,13.208210200071335,13.230549200205132,480250.0,#1F78B4,repeat,repeat,,,,,,,,,,,,,,,,,,,,,,,,,,,
5000,70000.0,350.0,3845200.0,70000.0,3.5,1,1,1,M7,M7 NSGA-III + Full Graph + Hungarian,NSGA-III,Full Graph,Hungarian,False,421.0,1904.0,0.3808,0.8928571428571429,0.8928571428571429,62500.0,70000.0,7500.0,0.10714285714285714,0.0078,189.48,0.018113900907337666,0.029228099854663014,17.837881000014022,17.867109099868685,531250.0,#E6AB02,repeat,repeat,,,,,,,,,,,,,,,,,,,,,,,,,,,
5000,70000.0,350.0,3845200.0,70000.0,3.5,1,1,1,M8,M8 Proposed: NSGA-III + Top-K Graph + Hungarian,NSGA-III,Top-K Graph,Hungarian,True,588.0,2490.0,0.498,0.8714285714285714,0.8714285714285714,61000.0,70000.0,9000.0,0.12857142857142856,0.0078,154.79508196721312,0.009567799046635628,0.020565600134432316,13.145208100089803,13.165773700224236,518500.0,#1F78B4,repeat,repeat,,,,,,,,,,,,,,,,,,,,,,,,,,,
5000,75000.0,375.0,4081400.0,75000.0,3.75,1,1,1,M7,M7 NSGA-III + Full Graph + Hungarian,NSGA-III,Full Graph,Hungarian,False,486.0,1973.0,0.3946,0.9333333333333333,0.9333333333333333,70000.0,75000.0,5000.0,0.06666666666666667,0.0084,160.71428571428572,0.016534899594262242,0.026151700178161263,16.943389900028706,16.969541600206867,595000.0,#E6AB02,repeat,repeat,,,,,,,,,,,,,,,,,,,,,,,,,,,
5000,75000.0,375.0,4081400.0,75000.0,3.75,1,1,1,M8,M8 Proposed: NSGA-III + Top-K Graph + Hungarian,NSGA-III,Top-K Graph,Hungarian,True,810.0,2517.0,0.5034,0.8,0.8,60000.0,75000.0,15000.0,0.2,0.0076,187.5,0.009575900388881564,0.02006069989874959,12.91156019992195,12.9316208998207,510000.0,#1F78B4,repeat,repeat,,,,,,,,,,,,,,,,,,,,,,,,,,,
5000,80000.0,400.0,4410400.0,80000.0,4.0,1,1,1,M7,M7 NSGA-III + Full Graph + Hungarian,NSGA-III,Full Graph,Hungarian,False,826.0,2985.0,0.597,0.975,0.975,78000.0,80000.0,2000.0,0.025,0.01,163.46153846153845,0.022448001196607947,0.03455740003846586,20.0510729001835,20.085630300221965,663000.0,#E6AB02,repeat,repeat,,,,,,,,,,,,,,,,,,,,,,,,,,,
5000,80000.0,400.0,4410400.0,80000.0,4.0,1,1,1,M8,M8 Proposed: NSGA-III + Top-K Graph + Hungarian,NSGA-III,Top-K Graph,Hungarian,True,1115.0,3211.0,0.6422,0.9,0.9,72000.0,80000.0,8000.0,0.1,0.01,166.66666666666666,0.010738701093941927,0.021984799997881055,14.755038699833676,14.777023499831557,612000.0,#1F78B4,repeat,repeat,,,,,,,,,,,,,,,,,,,,,,,,,,,
10000,20000.0,100.0,1114400.0,20000.0,1.0,1,1,1,M7,M7 NSGA-III + Full Graph + Hungarian,NSGA-III,Full Graph,Hungarian,False,833.0,3108.0,0.3108,1.0,1.0,20000.0,20000.0,0.0,0.0,0.0027,257.25,0.013932099333032966,0.03053270000964403,21.130446300143376,21.16097900015302,170000.0,#E6AB02,repeat,repeat,,,,,,,,,,,,,,,,,,,,,,,,,,,
10000,20000.0,100.0,1114400.0,20000.0,1.0,1,1,1,M8,M8 Proposed: NSGA-III + Top-K Graph + Hungarian,NSGA-III,Top-K Graph,Hungarian,True,1009.0,4188.0,0.4188,1.0,1.0,20000.0,20000.0,0.0,0.0,0.0027,248.25,0.0070178997702896595,0.025333099998533726,16.107569199986756,16.13290229998529,170000.0,#1F78B4,repeat,repeat,,,,,,,,,,,,,,,,,,,,,,,,,,,
10000,25000.0,125.0,1378300.0,25000.0,1.25,1,1,1,M7,M7 NSGA-III + Full Graph + Hungarian,NSGA-III,Full Graph,Hungarian,False,833.0,3124.0,0.3124,1.0,1.0,25000.0,25000.0,0.0,0.0,0.0025,122.7,0.012337900465354323,0.028334399918094277,21.638618199853227,21.66695259977132,212500.0,#E6AB02,repeat,repeat,,,,,,,,,,,,,,,,,,,,,,,,,,,
10000,25000.0,125.0,1378300.0,25000.0,1.25,1,1,1,M8,M8 Proposed: NSGA-III + Top-K Graph + Hungarian,NSGA-III,Top-K Graph,Hungarian,True,953.0,3847.0,0.3847,0.98,0.98,24500.0,25000.0,500.0,0.02,0.0029,287.3469387755102,0.008697799639776349,0.02650739997625351,16.387208699947223,16.413716099923477,208250.0,#1F78B4,repeat,repeat,,,,,,,,,,,,,,,,,,,,,,,,,,,
10000,30000.0,150.0,1655700.0,30000.0,1.5,1,1,1,M7,M7 NSGA-III + Full Graph + Hungarian,NSGA-III,Full Graph,Hungarian,False,803.0,3336.0,0.3336,1.0,1.0,30000.0,30000.0,0.0,0.0,0.0028,187.25,0.01619879947975278,0.033309000078588724,21.90476409997791,21.9380731000565,255000.0,#E6AB02,repeat,repeat,,,,,,,,,,,,,,,,,,,,,,,,,,,
10000,30000.0,150.0,1655700.0,30000.0,1.5,1,1,1,M8,M8 Proposed: NSGA-III + Top-K Graph + Hungarian,NSGA-III,Top-K Graph,Hungarian,True,819.0,3868.0,0.3868,1.0,1.0,30000.0,30000.0,0.0,0.0,0.0026,253.0,0.007240399951115251,0.02498330012895167,16.517781999893486,16.542765300022438,255000.0,#1F78B4,repeat,repeat,,,,,,,,,,,,,,,,,,,,,,,,,,,
10000,35000.0,175.0,1918400.0,35000.0,1.75,1,1,1,M7,M7 NSGA-III + Full Graph + Hungarian,NSGA-III,Full Graph,Hungarian,False,802.0,3512.0,0.3512,0.9999999999999998,0.9999999999999998,34999.99999999999,35000.0,0.0,0.0,0.0028,183.00000000000003,0.017395998584106565,0.03515830007381737,22.10620170016773,22.141360000241548,297499.99999999994,#E6AB02,repeat,repeat,,,,,,,,,,,,,,,,,,,,,,,,,,,
10000,35000.0,175.0,1918400.0,35000.0,1.75,1,1,1,M8,M8 Proposed: NSGA-III + Top-K Graph + Hungarian,NSGA-III,Top-K Graph,Hungarian,True,893.0,3605.0,0.3605,1.0,1.0,35000.0,35000.0,0.0,0.0,0.0034,327.0,0.00802599685266614,0.025278900051489472,16.742762699956074,16.768041600007564,297500.0,#1F78B4,repeat,repeat,,,,,,,,,,,,,,,,,,,,,,,,,,,
10000,40000.0,200.0,2202700.0,40000.0,2.0,1,1,1,M7,M7 NSGA-III + Full Graph + Hungarian,NSGA-III,Full Graph,Hungarian,False,812.0,3484.0,0.3484,1.0,1.0,40000.0,40000.0,0.0,0.0,0.003,179.25,0.016845999751240015,0.03306820010766387,23.062240300001577,23.09530850010924,340000.0,#E6AB02,repeat,repeat,,,,,,,,,,,,,,,,,,,,,,,,,,,
10000,40000.0,200.0,2202700.0,40000.0,2.0,1,1,1,M8,M8 Proposed: NSGA-III + Top-K Graph + Hungarian,NSGA-III,Top-K Graph,Hungarian,True,1310.0,4740.0,0.474,1.0,1.0,40000.0,40000.0,0.0,0.0,0.0031,315.375,0.008785099955275655,0.02667040005326271,16.819921399932355,16.846591799985617,340000.0,#1F78B4,repeat,repeat,,,,,,,,,,,,,,,,,,,,,,,,,,,
10000,45000.0,225.0,2448400.0,45000.0,2.25,1,1,1,M7,M7 NSGA-III + Full Graph + Hungarian,NSGA-III,Full Graph,Hungarian,False,822.0,3400.0,0.34,1.0,1.0,45000.0,45000.0,0.0,0.0,0.0032,134.44444444444446,0.017657899064943194,0.033606400014832616,22.976213099900633,23.009819499915466,382500.0,#E6AB02,repeat,repeat,,,,,,,,,,,,,,,,,,,,,,,,,,,
10000,45000.0,225.0,2448400.0,45000.0,2.25,1,1,1,M8,M8 Proposed: NSGA-III + Top-K Graph + Hungarian,NSGA-III,Top-K Graph,Hungarian,True,955.0,4144.0,0.4144,1.0,1.0,45000.0,45000.0,0.0,0.0,0.0034,323.3333333333333,0.0093718022108078,0.027058499865233898,16.881371999857947,16.90843049972318,382500.0,#1F78B4,repeat,repeat,,,,,,,,,,,,,,,,,,,,,,,,,,,
10000,50000.0,250.0,2760200.0,50000.0,2.5,1,1,1,M7,M7 NSGA-III + Full Graph + Hungarian,NSGA-III,Full Graph,Hungarian,False,833.0,3129.0,0.3129,1.0,1.0,50000.0,50000.0,0.0,0.0,0.0025,180.0,0.013627397827804089,0.029026600066572428,22.79710919992067,22.82613579998724,425000.0,#E6AB02,repeat,repeat,,,,,,,,,,,,,,,,,,,,,,,,,,,
10000,50000.0,250.0,2760200.0,50000.0,2.5,1,1,1,M8,M8 Proposed: NSGA-III + Top-K Graph + Hungarian,NSGA-III,Top-K Graph,Hungarian,True,944.0,4056.0,0.4056,1.0,1.0,50000.0,50000.0,0.0,0.0,0.0032,240.0,0.008506297832354903,0.026065499987453222,16.980391199933365,17.006456699920818,425000.0,#1F78B4,repeat,repeat,,,,,,,,,,,,,,,,,,,,,,,,,,,
10000,55000.0,275.0,3010200.0,55000.0,2.75,1,1,1,M7,M7 NSGA-III + Full Graph + Hungarian,NSGA-III,Full Graph,Hungarian,False,824.0,3301.0,0.3301,1.0,1.0,55000.0,55000.0,0.0,0.0,0.0037,111.81818181818181,0.02034339844249189,0.03749940008856356,25.639671199955046,25.67717060004361,467500.0,#E6AB02,repeat,repeat,,,,,,,,,,,,,,,,,,,,,,,,,,,
10000,55000.0,275.0,3010200.0,55000.0,2.75,1,1,1,M8,M8 Proposed: NSGA-III + Top-K Graph + Hungarian,NSGA-III,Top-K Graph,Hungarian,True,1261.0,4825.0,0.4825,0.9818181818181818,0.9818181818181818,54000.0,55000.0,1000.0,0.01818181818181818,0.0044,206.94444444444446,0.010143101215362549,0.02863619988784194,18.28366359998472,18.312299799872562,459000.0,#1F78B4,repeat,repeat,,,,,,,,,,,,,,,,,,,,,,,,,,,
10000,60000.0,300.0,3261500.0,60000.0,3.0,1,1,1,M7,M7 NSGA-III + Full Graph + Hungarian,NSGA-III,Full Graph,Hungarian,False,887.0,3568.0,0.3568,1.0,1.0,60000.0,60000.0,0.0,0.0,0.0037,147.625,0.01807369920425117,0.0352636999450624,25.504831100115553,25.540094800060615,510000.0,#E6AB02,repeat,repeat,,,,,,,,,,,,,,,,,,,,,,,,,,,
10000,60000.0,300.0,3261500.0,60000.0,3.0,1,1,1,M8,M8 Proposed: NSGA-III + Top-K Graph + Hungarian,NSGA-III,Top-K Graph,Hungarian,True,1085.0,4680.0,0.468,0.9666666666666667,0.9666666666666667,58000.0,60000.0,2000.0,0.03333333333333333,0.0054,318.1034482758621,0.011472899233922362,0.030293700052425265,18.223111799918115,18.25340549997054,493000.0,#1F78B4,repeat,repeat,,,,,,,,,,,,,,,,,,,,,,,,,,,
10000,65000.0,325.0,3568400.0,65000.0,3.25,1,1,1,M7,M7 NSGA-III + Full Graph + Hungarian,NSGA-III,Full Graph,Hungarian,False,1161.0,4825.0,0.4825,1.0,1.0,65000.0,65000.0,0.0,0.0,0.0041,138.46153846153845,0.02503459993749857,0.04415930015966296,26.61325310007669,26.657412400236353,552500.0,#E6AB02,repeat,repeat,,,,,,,,,,,,,,,,,,,,,,,,,,,
10000,65000.0,325.0,3568400.0,65000.0,3.25,1,1,1,M8,M8 Proposed: NSGA-III + Top-K Graph + Hungarian,NSGA-III,Top-K Graph,Hungarian,True,1022.0,3892.0,0.3892,0.8769230769230769,0.8769230769230769,57000.0,65000.0,8000.0,0.12307692307692308,0.0048,189.82456140350877,0.011607699329033494,0.02914589992724359,19.03478609980084,19.063931999728084,484500.0,#1F78B4,repeat,repeat,,,,,,,,,,,,,,,,,,,,,,,,,,,
10000,70000.0,350.0,3845200.0,70000.0,3.5,1,1,1,M7,M7 NSGA-III + Full Graph + Hungarian,NSGA-III,Full Graph,Hungarian,False,1071.0,4282.0,0.4282,1.0,1.0,70000.0,70000.0,0.0,0.0,0.0036,109.28571428571429,0.019608899718150496,0.03723090002313256,26.702755299862474,26.739986199885607,595000.0,#E6AB02,repeat,repeat,,,,,,,,,,,,,,,,,,,,,,,,,,,
10000,70000.0,350.0,3845200.0,70000.0,3.5,1,1,1,M8,M8 Proposed: NSGA-III + Top-K Graph + Hungarian,NSGA-III,Top-K Graph,Hungarian,True,963.0,4388.0,0.4388,0.9,0.9,63000.0,70000.0,7000.0,0.1,0.0049,223.8095238095238,0.011006800690665841,0.029701500199735165,18.88337210007012,18.913073600269854,535500.0,#1F78B4,repeat,repeat,,,,,,,,,,,,,,,,,,,,,,,,,,,
10000,75000.0,375.0,4081400.0,75000.0,3.75,1,1,1,M7,M7 NSGA-III + Full Graph + Hungarian,NSGA-III,Full Graph,Hungarian,False,946.0,3986.0,0.3986,1.0,1.0,75000.0,75000.0,0.0,0.0,0.004,130.0,0.01966050104238093,0.037027700105682015,27.23141080001369,27.268438500119373,637500.0,#E6AB02,repeat,repeat,,,,,,,,,,,,,,,,,,,,,,,,,,,
10000,75000.0,375.0,4081400.0,75000.0,3.75,1,1,1,M8,M8 Proposed: NSGA-III + Top-K Graph + Hungarian,NSGA-III,Top-K Graph,Hungarian,True,1158.0,4431.0,0.4431,0.9,0.9,67500.0,75000.0,7500.0,0.1,0.0056,207.40740740740742,0.012346198782324791,0.031807699939236045,18.962853899924085,18.99466159986332,573750.0,#1F78B4,repeat,repeat,,,,,,,,,,,,,,,,,,,,,,,,,,,
10000,80000.0,400.0,4410400.0,80000.0,4.0,1,1,1,M7,M7 NSGA-III + Full Graph + Hungarian,NSGA-III,Full Graph,Hungarian,False,932.0,4158.0,0.4158,1.0,1.0,80000.0,80000.0,0.0,0.0,0.005,165.9375,0.023484101053327322,0.04104660009033978,28.634214300196618,28.675260900286958,680000.0,#E6AB02,repeat,repeat,,,,,,,,,,,,,,,,,,,,,,,,,,,
10000,80000.0,400.0,4410400.0,80000.0,4.0,1,1,1,M8,M8 Proposed: NSGA-III + Top-K Graph + Hungarian,NSGA-III,Top-K Graph,Hungarian,True,1171.0,4418.0,0.4418,0.8625,0.8625,69000.0,80000.0,11000.0,0.1375,0.006,254.34782608695653,0.01220760028809309,0.030357900075614452,19.66268440010026,19.693042300175875,586500.0,#1F78B4,repeat,repeat,,,,,,,,,,,,,,,,,,,,,,,,,,,
20000,20000.0,100.0,1114400.0,20000.0,1.0,1,1,1,M7,M7 NSGA-III + Full Graph + Hungarian,NSGA-III,Full Graph,Hungarian,False,1627.0,6872.0,0.3436,1.0,1.0,20000.0,20000.0,0.0,0.0,0.0014,182.625,0.021413202863186598,0.053261599969118834,37.80674110003747,37.86000270000659,170000.0,#E6AB02,repeat,repeat,,,,,,,,,,,,,,,,,,,,,,,,,,,
20000,20000.0,100.0,1114400.0,20000.0,1.0,1,1,1,M8,M8 Proposed: NSGA-III + Top-K Graph + Hungarian,NSGA-III,Top-K Graph,Hungarian,True,1658.0,7212.0,0.3606,0.95,0.95,19000.0,20000.0,1000.0,0.05,0.00115,244.73684210526315,0.010024199029430747,0.0415888000279665,27.6998044999782,27.741393300006166,161500.0,#1F78B4,repeat,repeat,,,,,,,,,,,,,,,,,,,,,,,,,,,
20000,25000.0,125.0,1378300.0,25000.0,1.25,1,1,1,M7,M7 NSGA-III + Full Graph + Hungarian,NSGA-III,Full Graph,Hungarian,False,1666.0,6241.0,0.31205,1.0,1.0,25000.0,25000.0,0.0,0.0,0.00245,212.4,0.032833999022841454,0.06176530010998249,37.96090480010025,38.022670100210235,212500.0,#E6AB02,repeat,repeat,,,,,,,,,,,,,,,,,,,,,,,,,,,
20000,25000.0,125.0,1378300.0,25000.0,1.25,1,1,1,M8,M8 Proposed: NSGA-III + Top-K Graph + Hungarian,NSGA-III,Top-K Graph,Hungarian,True,1800.0,8327.0,0.41635,0.98,0.98,24500.0,25000.0,500.0,0.02,0.00155,310.2040816326531,0.009613698348402977,0.04120940016582608,27.828344400040805,27.86955380020663,208250.0,#1F78B4,repeat,repeat,,,,,,,,,,,,,,,,,,,,,,,,,,,
20000,30000.0,150.0,1655700.0,30000.0,1.5,1,1,1,M7,M7 NSGA-III + Full Graph + Hungarian,NSGA-III,Full Graph,Hungarian,False,1665.0,6842.0,0.3421,1.0,1.0,30000.0,30000.0,0.0,0.0,0.00145,135.5,0.023984499275684357,0.053659999975934625,38.653049800079316,38.70670980005525,255000.0,#E6AB02,repeat,repeat,,,,,,,,,,,,,,,,,,,,,,,,,,,
20000,30000.0,150.0,1655700.0,30000.0,1.5,1,1,1,M8,M8 Proposed: NSGA-III + Top-K Graph + Hungarian,NSGA-III,Top-K Graph,Hungarian,True,1658.0,6900.0,0.345,0.9366666666666666,0.9366666666666666,28100.0,30000.0,1900.0,0.06333333333333334,0.0018,269.0391459074733,0.011592800030484796,0.0437409000005573,28.293562799924985,28.337303699925542,238850.0,#1F78B4,repeat,repeat,,,,,,,,,,,,,,,,,,,,,,,,,,,
20000,35000.0,175.0,1918400.0,35000.0,1.75,1,1,1,M7,M7 NSGA-III + Full Graph + Hungarian,NSGA-III,Full Graph,Hungarian,False,1666.0,6256.0,0.3128,1.0,1.0,35000.0,35000.0,0.0,0.0,0.00155,214.28571428571428,0.02419640007428825,0.0542514999397099,38.995174299925566,39.049425799865276,297500.0,#E6AB02,repeat,repeat,,,,,,,,,,,,,,,,,,,,,,,,,,,
20000,35000.0,175.0,1918400.0,35000.0,1.75,1,1,1,M8,M8 Proposed: NSGA-III + Top-K Graph + Hungarian,NSGA-III,Top-K Graph,Hungarian,True,2018.0,7566.0,0.3783,0.9619047619047618,0.9619047619047618,33666.666666666664,35000.0,1333.3333333333333,0.03809523809523809,0.00205,266.9554455445545,0.012130300048738718,0.04353370005264878,28.743029800010845,28.786563500063494,286166.6666666666,#1F78B4,repeat,repeat,,,,,,,,,,,,,,,,,,,,,,,,,,,
20000,40000.0,200.0,2202700.0,40000.0,2.0,1,1,1,M7,M7 NSGA-III + Full Graph + Hungarian,NSGA-III,Full Graph,Hungarian,False,1666.0,6252.0,0.3126,1.0,1.0,40000.0,40000.0,0.0,0.0,0.0018,206.25,0.026919000083580613,0.05600049998611212,39.9046203000471,39.96062080003321,340000.0,#E6AB02,repeat,repeat,,,,,,,,,,,,,,,,,,,,,,,,,,,
20000,40000.0,200.0,2202700.0,40000.0,2.0,1,1,1,M8,M8 Proposed: NSGA-III + Top-K Graph + Hungarian,NSGA-III,Top-K Graph,Hungarian,True,2190.0,8262.0,0.4131,1.0,1.0,40000.0,40000.0,0.0,0.0,0.0018,255.0,0.010005298303440213,0.04282420012168586,28.463310200022534,28.50613440014422,340000.0,#1F78B4,repeat,repeat,,,,,,,,,,,,,,,,,,,,,,,,,,,
20000,45000.0,225.0,2448400.0,45000.0,2.25,1,1,1,M7,M7 NSGA-III + Full Graph + Hungarian,NSGA-III,Full Graph,Hungarian,False,1653.0,6849.0,0.34245,1.0,1.0,45000.0,45000.0,0.0,0.0,0.00175,250.0,0.02775530074723065,0.05696640000678599,40.11558260000311,40.172549000009894,382500.0,#E6AB02,repeat,repeat,,,,,,,,,,,,,,,,,,,,,,,,,,,
20000,45000.0,225.0,2448400.0,45000.0,2.25,1,1,1,M8,M8 Proposed: NSGA-III + Top-K Graph + Hungarian,NSGA-III,Top-K Graph,Hungarian,True,1688.0,7857.0,0.39285,0.9111111111111111,0.9111111111111111,41000.0,45000.0,4000.0,0.08888888888888889,0.0017,292.6829268292683,0.010686701396480203,0.041623600060120225,28.67262029997073,28.71424390003085,348500.0,#1F78B4,repeat,repeat,,,,,,,,,,,,,,,,,,,,,,,,,,,
20000,50000.0,250.0,2760200.0,50000.0,2.5,1,1,1,M7,M7 NSGA-III + Full Graph + Hungarian,NSGA-III,Full Graph,Hungarian,False,1645.0,6791.0,0.33955,1.0,1.0,50000.0,50000.0,0.0,0.0,0.0022,171.48,0.02844279888086021,0.05809410009533167,40.0967850999441,40.15487920003943,425000.0,#E6AB02,repeat,repeat,,,,,,,,,,,,,,,,,,,,,,,,,,,
20000,50000.0,250.0,2760200.0,50000.0,2.5,1,1,1,M8,M8 Proposed: NSGA-III + Top-K Graph + Hungarian,NSGA-III,Top-K Graph,Hungarian,True,1766.0,7030.0,0.3515,1.0,1.0,50000.0,50000.0,0.0,0.0,0.0017,320.55,0.01061940030194819,0.04168240004219115,28.281989800045267,28.323672200087458,425000.0,#1F78B4,repeat,repeat,,,,,,,,,,,,,,,,,,,,,,,,,,,
20000,55000.0,275.0,3010200.0,55000.0,2.75,1,1,1,M7,M7 NSGA-III + Full Graph + Hungarian,NSGA-III,Full Graph,Hungarian,False,1698.0,7492.0,0.3746,1.0,1.0,55000.0,55000.0,0.0,0.0,0.00215,182.45454545454547,0.0342060006223619,0.06550800008699298,43.566967900143936,43.63247590023093,467500.0,#E6AB02,repeat,repeat,,,,,,,,,,,,,,,,,,,,,,,,,,,
20000,55000.0,275.0,3010200.0,55000.0,2.75,1,1,1,M8,M8 Proposed: NSGA-III + Top-K Graph + Hungarian,NSGA-III,Top-K Graph,Hungarian,True,1778.0,7778.0,0.3889,0.8909090909090909,0.8909090909090909,49000.0,55000.0,6000.0,0.10909090909090909,0.00225,241.83673469387756,0.013686600606888533,0.045641800155863166,29.572122799931094,29.617764600086957,416500.0,#1F78B4,repeat,repeat,,,,,,,,,,,,,,,,,,,,,,,,,,,
20000,60000.0,300.0,3261500.0,60000.0,3.0,1,1,1,M7,M7 NSGA-III + Full Graph + Hungarian,NSGA-III,Full Graph,Hungarian,False,1708.0,7136.0,0.3568,1.0,1.0,60000.0,60000.0,0.0,0.0,0.0021,175.0,0.030663299839943647,0.06080470001325011,43.06818959978409,43.12899429979734,510000.0,#E6AB02,repeat,repeat,,,,,,,,,,,,,,,,,,,,,,,,,,,
20000,60000.0,300.0,3261500.0,60000.0,3.0,1,1,1,M8,M8 Proposed: NSGA-III + Top-K Graph + Hungarian,NSGA-III,Top-K Graph,Hungarian,True,1727.0,7222.0,0.3611,0.8833333333333333,0.8833333333333333,53000.0,60000.0,7000.0,0.11666666666666667,0.0023,241.9811320754717,0.012996400473639369,0.0448702999856323,29.583682499825954,29.628552799811587,450500.0,#1F78B4,repeat,repeat,,,,,,,,,,,,,,,,,,,,,,,,,,,
20000,65000.0,325.0,3568400.0,65000.0,3.25,1,1,1,M7,M7 NSGA-III + Full Graph + Hungarian,NSGA-III,Full Graph,Hungarian,False,1681.0,6631.0,0.33155,1.0,1.0,65000.0,65000.0,0.0,0.0,0.0024,155.76923076923077,0.032119799638167024,0.0628923000767827,44.11004579998553,44.17293810006231,552500.0,#E6AB02,repeat,repeat,,,,,,,,,,,,,,,,,,,,,,,,,,,
20000,65000.0,325.0,3568400.0,65000.0,3.25,1,1,1,M8,M8 Proposed: NSGA-III + Top-K Graph + Hungarian,NSGA-III,Top-K Graph,Hungarian,True,1692.0,7230.0,0.3615,0.9056410256410257,0.9056410256410257,58866.66666666667,65000.0,6133.333333333334,0.09435897435897436,0.00285,273.49943374858435,0.014941699104383588,0.04615309997461736,29.94271140010096,29.98886450007558,500366.6666666667,#1F78B4,repeat,repeat,,,,,,,,,,,,,,,,,,,,,,,,,,,
20000,70000.0,350.0,3845200.0,70000.0,3.5,1,1,1,M7,M7 NSGA-III + Full Graph + Hungarian,NSGA-III,Full Graph,Hungarian,False,1690.0,6758.0,0.3379,1.0,1.0,70000.0,70000.0,0.0,0.0,0.00245,132.85714285714286,0.03330000024288893,0.06298659997992218,44.300014700042084,44.363001300022006,595000.0,#E6AB02,repeat,repeat,,,,,,,,,,,,,,,,,,,,,,,,,,,
20000,70000.0,350.0,3845200.0,70000.0,3.5,1,1,1,M8,M8 Proposed: NSGA-III + Top-K Graph + Hungarian,NSGA-III,Top-K Graph,Hungarian,True,1626.0,7115.0,0.35575,0.9285714285714287,0.9285714285714287,65000.00000000001,70000.0,5000.0,0.07142857142857142,0.00245,246.9230769230769,0.012170500587671995,0.04276990005746484,30.122318899957463,30.165088800014928,552500.0000000001,#1F78B4,repeat,repeat,,,,,,,,,,,,,,,,,,,,,,,,,,,
20000,75000.0,375.0,4081400.0,75000.0,3.75,1,1,1,M7,M7 NSGA-III + Full Graph + Hungarian,NSGA-III,Full Graph,Hungarian,False,1673.0,6436.0,0.3218,1.0,1.0,75000.0,75000.0,0.0,0.0,0.00195,160.0,0.02884509996511042,0.05743000004440546,44.02290360000916,44.080333600053564,637500.0,#E6AB02,repeat,repeat,,,,,,,,,,,,,,,,,,,,,,,,,,,
20000,75000.0,375.0,4081400.0,75000.0,3.75,1,1,1,M8,M8 Proposed: NSGA-III + Top-K Graph + Hungarian,NSGA-III,Top-K Graph,Hungarian,True,1639.0,6747.0,0.33735,0.8666666666666667,0.8666666666666667,65000.0,75000.0,10000.0,0.13333333333333333,0.00245,250.0,0.012480400269851089,0.04255999997258186,29.697741999989375,29.740301999961957,552500.0,#1F78B4,repeat,repeat,,,,,,,,,,,,,,,,,,,,,,,,,,,
20000,80000.0,400.0,4410400.0,80000.0,4.0,1,1,1,M7,M7 NSGA-III + Full Graph + Hungarian,NSGA-III,Full Graph,Hungarian,False,2177.0,8378.0,0.4189,0.9875,0.9875,79000.0,80000.0,1000.0,0.0125,0.00285,174.68354430379748,0.04096190049313009,0.07394179981201887,46.57268669991754,46.64662849972956,671500.0,#E6AB02,repeat,repeat,,,,,,,,,,,,,,,,,,,,,,,,,,,
20000,80000.0,400.0,4410400.0,80000.0,4.0,1,1,1,M8,M8 Proposed: NSGA-III + Top-K Graph + Hungarian,NSGA-III,Top-K Graph,Hungarian,True,1620.0,7557.0,0.37785,0.8625,0.8625,69000.0,80000.0,11000.0,0.1375,0.00305,208.69565217391303,0.015228200005367398,0.04867169982753694,30.747042499948293,30.79571419977583,586500.0,#1F78B4,repeat,repeat,,,,,,,,,,,,,,,,,,,,,,,,,,,
2500,20000.0,,,,,all,1,1,M7,M7 NSGA-III + Full Graph + Hungarian,,Full Graph,Hungarian,,,,0.3444,1.0,1.0,,,,0.0,0.0092,289.5,0.008092300267890096,,,8.980046600103378,170000.0,#E6AB02,aggregate,single,0.0,1.0,1.0,0.0,1.0,1.0,0.0,0.008092300267890096,0.008092300267890096,0.0,8.980046600103378,8.980046600103378,0.0,0.3444,0.3444,0.0,0.0092,0.0092,0.0,289.5,289.5,0.0,0.0,0.0,0.0,170000.0,170000.0
2500,20000.0,,,,,all,1,1,M8,M8 Proposed: NSGA-III + Top-K Graph + Hungarian,,Top-K Graph,Hungarian,,,,0.3624,0.975,0.975,,,,0.025,0.006,115.38461538461539,0.0043903018813580275,,,7.722996700089425,165750.0,#1F78B4,aggregate,single,0.0,0.975,0.975,0.0,0.975,0.975,0.0,0.0043903018813580275,0.0043903018813580275,0.0,7.722996700089425,7.722996700089425,0.0,0.3624,0.3624,0.0,0.006,0.006,0.0,115.38461538461539,115.38461538461539,0.0,0.025,0.025,0.0,165750.0,165750.0
5000,20000.0,,,,,all,1,1,M7,M7 NSGA-III + Full Graph + Hungarian,,Full Graph,Hungarian,,,,0.3492,1.0,1.0,,,,0.0,0.0036,93.375,0.008082299958914518,,,13.589634699979797,170000.0,#E6AB02,aggregate,single,0.0,1.0,1.0,0.0,1.0,1.0,0.0,0.008082299958914518,0.008082299958914518,0.0,13.589634699979797,13.589634699979797,0.0,0.3492,0.3492,0.0,0.0036,0.0036,0.0,93.375,93.375,0.0,0.0,0.0,0.0,170000.0,170000.0
5000,20000.0,,,,,all,1,1,M8,M8 Proposed: NSGA-III + Top-K Graph + Hungarian,,Top-K Graph,Hungarian,,,,0.3566,1.0,1.0,,,,0.0,0.0046,223.5,0.0058370004408061504,,,10.758131499867886,170000.0,#1F78B4,aggregate,single,0.0,1.0,1.0,0.0,1.0,1.0,0.0,0.0058370004408061504,0.0058370004408061504,0.0,10.758131499867886,10.758131499867886,0.0,0.3566,0.3566,0.0,0.0046,0.0046,0.0,223.5,223.5,0.0,0.0,0.0,0.0,170000.0,170000.0
10000,20000.0,,,,,all,1,1,M7,M7 NSGA-III + Full Graph + Hungarian,,Full Graph,Hungarian,,,,0.3108,1.0,1.0,,,,0.0,0.0027,257.25,0.013932099333032966,,,21.16097900015302,170000.0,#E6AB02,aggregate,single,0.0,1.0,1.0,0.0,1.0,1.0,0.0,0.013932099333032966,0.013932099333032966,0.0,21.16097900015302,21.16097900015302,0.0,0.3108,0.3108,0.0,0.0027,0.0027,0.0,257.25,257.25,0.0,0.0,0.0,0.0,170000.0,170000.0
10000,20000.0,,,,,all,1,1,M8,M8 Proposed: NSGA-III + Top-K Graph + Hungarian,,Top-K Graph,Hungarian,,,,0.4188,1.0,1.0,,,,0.0,0.0027,248.25,0.0070178997702896595,,,16.13290229998529,170000.0,#1F78B4,aggregate,single,0.0,1.0,1.0,0.0,1.0,1.0,0.0,0.0070178997702896595,0.0070178997702896595,0.0,16.13290229998529,16.13290229998529,0.0,0.4188,0.4188,0.0,0.0027,0.0027,0.0,248.25,248.25,0.0,0.0,0.0,0.0,170000.0,170000.0
20000,20000.0,,,,,all,1,1,M7,M7 NSGA-III + Full Graph + Hungarian,,Full Graph,Hungarian,,,,0.3436,1.0,1.0,,,,0.0,0.0014,182.625,0.021413202863186598,,,37.86000270000659,170000.0,#E6AB02,aggregate,single,0.0,1.0,1.0,0.0,1.0,1.0,0.0,0.021413202863186598,0.021413202863186598,0.0,37.86000270000659,37.86000270000659,0.0,0.3436,0.3436,0.0,0.0014,0.0014,0.0,182.625,182.625,0.0,0.0,0.0,0.0,170000.0,170000.0
20000,20000.0,,,,,all,1,1,M8,M8 Proposed: NSGA-III + Top-K Graph + Hungarian,,Top-K Graph,Hungarian,,,,0.3606,0.95,0.95,,,,0.05,0.00115,244.73684210526315,0.010024199029430747,,,27.741393300006166,161500.0,#1F78B4,aggregate,single,0.0,0.95,0.95,0.0,0.95,0.95,0.0,0.010024199029430747,0.010024199029430747,0.0,27.741393300006166,27.741393300006166,0.0,0.3606,0.3606,0.0,0.00115,0.00115,0.0,244.73684210526315,244.73684210526315,0.0,0.05,0.05,0.0,161500.0,161500.0
2500,25000.0,,,,,all,1,1,M7,M7 NSGA-III + Full Graph + Hungarian,,Full Graph,Hungarian,,,,0.3244,1.0,1.0,,,,0.0,0.0108,366.6,0.00933519983664155,,,9.134073599707335,212500.0,#E6AB02,aggregate,single,0.0,1.0,1.0,0.0,1.0,1.0,0.0,0.00933519983664155,0.00933519983664155,0.0,9.134073599707335,9.134073599707335,0.0,0.3244,0.3244,0.0,0.0108,0.0108,0.0,366.6,366.6,0.0,0.0,0.0,0.0,212500.0,212500.0
2500,25000.0,,,,,all,1,1,M8,M8 Proposed: NSGA-III + Top-K Graph + Hungarian,,Top-K Graph,Hungarian,,,,0.3104,0.968,0.968,,,,0.032,0.008,119.00826446280992,0.004859300330281258,,,7.849730199901387,205700.0,#1F78B4,aggregate,single,0.0,0.968,0.968,0.0,0.968,0.968,0.0,0.004859300330281258,0.004859300330281258,0.0,7.849730199901387,7.849730199901387,0.0,0.3104,0.3104,0.0,0.008,0.008,0.0,119.00826446280992,119.00826446280992,0.0,0.032,0.032,0.0,205700.0,205700.0
5000,25000.0,,,,,all,1,1,M7,M7 NSGA-III + Full Graph + Hungarian,,Full Graph,Hungarian,,,,0.3122,1.0,1.0,,,,0.0,0.0048,292.8,0.009661401389166713,,,13.774792000185698,212500.0,#E6AB02,aggregate,single,0.0,1.0,1.0,0.0,1.0,1.0,0.0,0.009661401389166713,0.009661401389166713,0.0,13.774792000185698,13.774792000185698,0.0,0.3122,0.3122,0.0,0.0048,0.0048,0.0,292.8,292.8,0.0,0.0,0.0,0.0,212500.0,212500.0
5000,25000.0,,,,,all,1,1,M8,M8 Proposed: NSGA-III + Top-K Graph + Hungarian,,Top-K Graph,Hungarian,,,,0.3524,0.984,0.984,,,,0.016,0.0042,125.0,0.005649098195135593,,,10.700300599914044,209100.0,#1F78B4,aggregate,single,0.0,0.984,0.984,0.0,0.984,0.984,0.0,0.005649098195135593,0.005649098195135593,0.0,10.700300599914044,10.700300599914044,0.0,0.3524,0.3524,0.0,0.0042,0.0042,0.0,125.0,125.0,0.0,0.016,0.016,0.0,209100.0,209100.0
10000,25000.0,,,,,all,1,1,M7,M7 NSGA-III + Full Graph + Hungarian,,Full Graph,Hungarian,,,,0.3124,1.0,1.0,,,,0.0,0.0025,122.7,0.012337900465354323,,,21.66695259977132,212500.0,#E6AB02,aggregate,single,0.0,1.0,1.0,0.0,1.0,1.0,0.0,0.012337900465354323,0.012337900465354323,0.0,21.66695259977132,21.66695259977132,0.0,0.3124,0.3124,0.0,0.0025,0.0025,0.0,122.7,122.7,0.0,0.0,0.0,0.0,212500.0,212500.0
10000,25000.0,,,,,all,1,1,M8,M8 Proposed: NSGA-III + Top-K Graph + Hungarian,,Top-K Graph,Hungarian,,,,0.3847,0.98,0.98,,,,0.02,0.0029,287.3469387755102,0.008697799639776349,,,16.413716099923477,208250.0,#1F78B4,aggregate,single,0.0,0.98,0.98,0.0,0.98,0.98,0.0,0.008697799639776349,0.008697799639776349,0.0,16.413716099923477,16.413716099923477,0.0,0.3847,0.3847,0.0,0.0029,0.0029,0.0,287.3469387755102,287.3469387755102,0.0,0.02,0.02,0.0,208250.0,208250.0
20000,25000.0,,,,,all,1,1,M7,M7 NSGA-III + Full Graph + Hungarian,,Full Graph,Hungarian,,,,0.31205,1.0,1.0,,,,0.0,0.00245,212.4,0.032833999022841454,,,38.022670100210235,212500.0,#E6AB02,aggregate,single,0.0,1.0,1.0,0.0,1.0,1.0,0.0,0.032833999022841454,0.032833999022841454,0.0,38.022670100210235,38.022670100210235,0.0,0.31205,0.31205,0.0,0.00245,0.00245,0.0,212.4,212.4,0.0,0.0,0.0,0.0,212500.0,212500.0
20000,25000.0,,,,,all,1,1,M8,M8 Proposed: NSGA-III + Top-K Graph + Hungarian,,Top-K Graph,Hungarian,,,,0.41635,0.98,0.98,,,,0.02,0.00155,310.2040816326531,0.009613698348402977,,,27.86955380020663,208250.0,#1F78B4,aggregate,single,0.0,0.98,0.98,0.0,0.98,0.98,0.0,0.009613698348402977,0.009613698348402977,0.0,27.86955380020663,27.86955380020663,0.0,0.41635,0.41635,0.0,0.00155,0.00155,0.0,310.2040816326531,310.2040816326531,0.0,0.02,0.02,0.0,208250.0,208250.0
2500,30000.0,,,,,all,1,1,M7,M7 NSGA-III + Full Graph + Hungarian,,Full Graph,Hungarian,,,,0.3912,1.0,1.0,,,,0.0,0.008,123.0,0.006513400934636593,,,9.48348670010455,255000.0,#E6AB02,aggregate,single,0.0,1.0,1.0,0.0,1.0,1.0,0.0,0.006513400934636593,0.006513400934636593,0.0,9.48348670010455,9.48348670010455,0.0,0.3912,0.3912,0.0,0.008,0.008,0.0,123.0,123.0,0.0,0.0,0.0,0.0,255000.0,255000.0
2500,30000.0,,,,,all,1,1,M8,M8 Proposed: NSGA-III + Top-K Graph + Hungarian,,Top-K Graph,Hungarian,,,,0.5844,0.9333333333333333,0.9333333333333333,,,,0.06666666666666667,0.0116,248.57142857142858,0.0062342004384845495,,,8.213809600099921,238000.0,#1F78B4,aggregate,single,0.0,0.9333333333333333,0.9333333333333333,0.0,0.9333333333333333,0.9333333333333333,0.0,0.0062342004384845495,0.0062342004384845495,0.0,8.213809600099921,8.213809600099921,0.0,0.5844,0.5844,0.0,0.0116,0.0116,0.0,248.57142857142858,248.57142857142858,0.0,0.06666666666666667,0.06666666666666667,0.0,238000.0,238000.0
5000,30000.0,,,,,all,1,1,M7,M7 NSGA-III + Full Graph + Hungarian,,Full Graph,Hungarian,,,,0.358,1.0,1.0,,,,0.0,0.0044,175.75,0.01072609843686223,,,14.16999790025875,255000.0,#E6AB02,aggregate,single,0.0,1.0,1.0,0.0,1.0,1.0,0.0,0.01072609843686223,0.01072609843686223,0.0,14.16999790025875,14.16999790025875,0.0,0.358,0.358,0.0,0.0044,0.0044,0.0,175.75,175.75,0.0,0.0,0.0,0.0,255000.0,255000.0
5000,30000.0,,,,,all,1,1,M8,M8 Proposed: NSGA-III + Top-K Graph + Hungarian,,Top-K Graph,Hungarian,,,,0.3836,0.96,0.96,,,,0.04,0.005,286.4583333333333,0.006299101049080491,,,11.347790400264785,244800.0,#1F78B4,aggregate,single,0.0,0.96,0.96,0.0,0.96,0.96,0.0,0.006299101049080491,0.006299101049080491,0.0,11.347790400264785,11.347790400264785,0.0,0.3836,0.3836,0.0,0.005,0.005,0.0,286.4583333333333,286.4583333333333,0.0,0.04,0.04,0.0,244800.0,244800.0
10000,30000.0,,,,,all,1,1,M7,M7 NSGA-III + Full Graph + Hungarian,,Full Graph,Hungarian,,,,0.3336,1.0,1.0,,,,0.0,0.0028,187.25,0.01619879947975278,,,21.9380731000565,255000.0,#E6AB02,aggregate,single,0.0,1.0,1.0,0.0,1.0,1.0,0.0,0.01619879947975278,0.01619879947975278,0.0,21.9380731000565,21.9380731000565,0.0,0.3336,0.3336,0.0,0.0028,0.0028,0.0,187.25,187.25,0.0,0.0,0.0,0.0,255000.0,255000.0
10000,30000.0,,,,,all,1,1,M8,M8 Proposed: NSGA-III + Top-K Graph + Hungarian,,Top-K Graph,Hungarian,,,,0.3868,1.0,1.0,,,,0.0,0.0026,253.0,0.007240399951115251,,,16.542765300022438,255000.0,#1F78B4,aggregate,single,0.0,1.0,1.0,0.0,1.0,1.0,0.0,0.007240399951115251,0.007240399951115251,0.0,16.542765300022438,16.542765300022438,0.0,0.3868,0.3868,0.0,0.0026,0.0026,0.0,253.0,253.0,0.0,0.0,0.0,0.0,255000.0,255000.0
20000,30000.0,,,,,all,1,1,M7,M7 NSGA-III + Full Graph + Hungarian,,Full Graph,Hungarian,,,,0.3421,1.0,1.0,,,,0.0,0.00145,135.5,0.023984499275684357,,,38.70670980005525,255000.0,#E6AB02,aggregate,single,0.0,1.0,1.0,0.0,1.0,1.0,0.0,0.023984499275684357,0.023984499275684357,0.0,38.70670980005525,38.70670980005525,0.0,0.3421,0.3421,0.0,0.00145,0.00145,0.0,135.5,135.5,0.0,0.0,0.0,0.0,255000.0,255000.0
20000,30000.0,,,,,all,1,1,M8,M8 Proposed: NSGA-III + Top-K Graph + Hungarian,,Top-K Graph,Hungarian,,,,0.345,0.9366666666666666,0.9366666666666666,,,,0.06333333333333334,0.0018,269.0391459074733,0.011592800030484796,,,28.337303699925542,238850.0,#1F78B4,aggregate,single,0.0,0.9366666666666666,0.9366666666666666,0.0,0.9366666666666666,0.9366666666666666,0.0,0.011592800030484796,0.011592800030484796,0.0,28.337303699925542,28.337303699925542,0.0,0.345,0.345,0.0,0.0018,0.0018,0.0,269.0391459074733,269.0391459074733,0.0,0.06333333333333334,0.06333333333333334,0.0,238850.0,238850.0
2500,35000.0,,,,,all,1,1,M7,M7 NSGA-III + Full Graph + Hungarian,,Full Graph,Hungarian,,,,0.4616,1.0,1.0,,,,0.0,0.0092,148.71428571428572,0.008063498418778181,,,9.619703700067475,297500.0,#E6AB02,aggregate,single,0.0,1.0,1.0,0.0,1.0,1.0,0.0,0.008063498418778181,0.008063498418778181,0.0,9.619703700067475,9.619703700067475,0.0,0.4616,0.4616,0.0,0.0092,0.0092,0.0,148.71428571428572,148.71428571428572,0.0,0.0,0.0,0.0,297500.0,297500.0
2500,35000.0,,,,,all,1,1,M8,M8 Proposed: NSGA-III + Top-K Graph + Hungarian,,Top-K Graph,Hungarian,,,,0.4704,1.0,1.0,,,,0.0,0.01,261.42857142857144,0.004962998908013105,,,8.147581200115383,297500.0,#1F78B4,aggregate,single,0.0,1.0,1.0,0.0,1.0,1.0,0.0,0.004962998908013105,0.004962998908013105,0.0,8.147581200115383,8.147581200115383,0.0,0.4704,0.4704,0.0,0.01,0.01,0.0,261.42857142857144,261.42857142857144,0.0,0.0,0.0,0.0,297500.0,297500.0
5000,35000.0,,,,,all,1,1,M7,M7 NSGA-III + Full Graph + Hungarian,,Full Graph,Hungarian,,,,0.4144,1.0,1.0,,,,0.0,0.0042,100.71428571428571,0.009557399665936828,,,14.091202000156045,297500.0,#E6AB02,aggregate,single,0.0,1.0,1.0,0.0,1.0,1.0,0.0,0.009557399665936828,0.009557399665936828,0.0,14.091202000156045,14.091202000156045,0.0,0.4144,0.4144,0.0,0.0042,0.0042,0.0,100.71428571428571,100.71428571428571,0.0,0.0,0.0,0.0,297500.0,297500.0
5000,35000.0,,,,,all,1,1,M8,M8 Proposed: NSGA-III + Top-K Graph + Hungarian,,Top-K Graph,Hungarian,,,,0.381,0.9428571428571428,0.9428571428571428,,,,0.05714285714285714,0.0046,150.0,0.00606640032492578,,,11.04484839993529,280500.0,#1F78B4,aggregate,single,0.0,0.9428571428571428,0.9428571428571428,0.0,0.9428571428571428,0.9428571428571428,0.0,0.00606640032492578,0.00606640032492578,0.0,11.04484839993529,11.04484839993529,0.0,0.381,0.381,0.0,0.0046,0.0046,0.0,150.0,150.0,0.0,0.05714285714285714,0.05714285714285714,0.0,280500.0,280500.0
10000,35000.0,,,,,all,1,1,M7,M7 NSGA-III + Full Graph + Hungarian,,Full Graph,Hungarian,,,,0.3512,0.9999999999999998,0.9999999999999998,,,,0.0,0.0028,183.00000000000003,0.017395998584106565,,,22.141360000241548,297499.99999999994,#E6AB02,aggregate,single,0.0,0.9999999999999998,0.9999999999999998,0.0,0.9999999999999998,0.9999999999999998,0.0,0.017395998584106565,0.017395998584106565,0.0,22.141360000241548,22.141360000241548,0.0,0.3512,0.3512,0.0,0.0028,0.0028,0.0,183.00000000000003,183.00000000000003,0.0,0.0,0.0,0.0,297499.99999999994,297499.99999999994
10000,35000.0,,,,,all,1,1,M8,M8 Proposed: NSGA-III + Top-K Graph + Hungarian,,Top-K Graph,Hungarian,,,,0.3605,1.0,1.0,,,,0.0,0.0034,327.0,0.00802599685266614,,,16.768041600007564,297500.0,#1F78B4,aggregate,single,0.0,1.0,1.0,0.0,1.0,1.0,0.0,0.00802599685266614,0.00802599685266614,0.0,16.768041600007564,16.768041600007564,0.0,0.3605,0.3605,0.0,0.0034,0.0034,0.0,327.0,327.0,0.0,0.0,0.0,0.0,297500.0,297500.0
20000,35000.0,,,,,all,1,1,M7,M7 NSGA-III + Full Graph + Hungarian,,Full Graph,Hungarian,,,,0.3128,1.0,1.0,,,,0.0,0.00155,214.28571428571428,0.02419640007428825,,,39.049425799865276,297500.0,#E6AB02,aggregate,single,0.0,1.0,1.0,0.0,1.0,1.0,0.0,0.02419640007428825,0.02419640007428825,0.0,39.049425799865276,39.049425799865276,0.0,0.3128,0.3128,0.0,0.00155,0.00155,0.0,214.28571428571428,214.28571428571428,0.0,0.0,0.0,0.0,297500.0,297500.0
20000,35000.0,,,,,all,1,1,M8,M8 Proposed: NSGA-III + Top-K Graph + Hungarian,,Top-K Graph,Hungarian,,,,0.3783,0.9619047619047618,0.9619047619047618,,,,0.03809523809523809,0.00205,266.9554455445545,0.012130300048738718,,,28.786563500063494,286166.6666666666,#1F78B4,aggregate,single,0.0,0.9619047619047618,0.9619047619047618,0.0,0.9619047619047618,0.9619047619047618,0.0,0.012130300048738718,0.012130300048738718,0.0,28.786563500063494,28.786563500063494,0.0,0.3783,0.3783,0.0,0.00205,0.00205,0.0,266.9554455445545,266.9554455445545,0.0,0.03809523809523809,0.03809523809523809,0.0,286166.6666666666,286166.6666666666
2500,40000.0,,,,,all,1,1,M7,M7 NSGA-III + Full Graph + Hungarian,,Full Graph,Hungarian,,,,0.4188,0.975,0.975,,,,0.0,0.0084,80.76923076923077,0.007528998423367739,,,9.782006399938837,331500.0,#E6AB02,aggregate,single,0.0,0.975,0.975,0.0,0.975,0.975,0.0,0.007528998423367739,0.007528998423367739,0.0,9.782006399938837,9.782006399938837,0.0,0.4188,0.4188,0.0,0.0084,0.0084,0.0,80.76923076923077,80.76923076923077,0.0,0.0,0.0,0.0,331500.0,331500.0
2500,40000.0,,,,,all,1,1,M8,M8 Proposed: NSGA-III + Top-K Graph + Hungarian,,Top-K Graph,Hungarian,,,,0.4816,0.775,0.775,,,,0.225,0.014,329.03225806451616,0.007464099675416946,,,8.395153500139713,263500.0,#1F78B4,aggregate,single,0.0,0.775,0.775,0.0,0.775,0.775,0.0,0.007464099675416946,0.007464099675416946,0.0,8.395153500139713,8.395153500139713,0.0,0.4816,0.4816,0.0,0.014,0.014,0.0,329.03225806451616,329.03225806451616,0.0,0.225,0.225,0.0,263500.0,263500.0
5000,40000.0,,,,,all,1,1,M7,M7 NSGA-III + Full Graph + Hungarian,,Full Graph,Hungarian,,,,0.3804,1.0,1.0,,,,0.0,0.005,120.0,0.01125230174511671,,,14.733585000038147,340000.0,#E6AB02,aggregate,single,0.0,1.0,1.0,0.0,1.0,1.0,0.0,0.01125230174511671,0.01125230174511671,0.0,14.733585000038147,14.733585000038147,0.0,0.3804,0.3804,0.0,0.005,0.005,0.0,120.0,120.0,0.0,0.0,0.0,0.0,340000.0,340000.0
5000,40000.0,,,,,all,1,1,M8,M8 Proposed: NSGA-III + Top-K Graph + Hungarian,,Top-K Graph,Hungarian,,,,0.4414,0.925,0.925,,,,0.075,0.006,247.2972972972973,0.006944499211385846,,,11.507588699925691,314500.0,#1F78B4,aggregate,single,0.0,0.925,0.925,0.0,0.925,0.925,0.0,0.006944499211385846,0.006944499211385846,0.0,11.507588699925691,11.507588699925691,0.0,0.4414,0.4414,0.0,0.006,0.006,0.0,247.2972972972973,247.2972972972973,0.0,0.075,0.075,0.0,314500.0,314500.0
10000,40000.0,,,,,all,1,1,M7,M7 NSGA-III + Full Graph + Hungarian,,Full Graph,Hungarian,,,,0.3484,1.0,1.0,,,,0.0,0.003,179.25,0.016845999751240015,,,23.09530850010924,340000.0,#E6AB02,aggregate,single,0.0,1.0,1.0,0.0,1.0,1.0,0.0,0.016845999751240015,0.016845999751240015,0.0,23.09530850010924,23.09530850010924,0.0,0.3484,0.3484,0.0,0.003,0.003,0.0,179.25,179.25,0.0,0.0,0.0,0.0,340000.0,340000.0
10000,40000.0,,,,,all,1,1,M8,M8 Proposed: NSGA-III + Top-K Graph + Hungarian,,Top-K Graph,Hungarian,,,,0.474,1.0,1.0,,,,0.0,0.0031,315.375,0.008785099955275655,,,16.846591799985617,340000.0,#1F78B4,aggregate,single,0.0,1.0,1.0,0.0,1.0,1.0,0.0,0.008785099955275655,0.008785099955275655,0.0,16.846591799985617,16.846591799985617,0.0,0.474,0.474,0.0,0.0031,0.0031,0.0,315.375,315.375,0.0,0.0,0.0,0.0,340000.0,340000.0
20000,40000.0,,,,,all,1,1,M7,M7 NSGA-III + Full Graph + Hungarian,,Full Graph,Hungarian,,,,0.3126,1.0,1.0,,,,0.0,0.0018,206.25,0.026919000083580613,,,39.96062080003321,340000.0,#E6AB02,aggregate,single,0.0,1.0,1.0,0.0,1.0,1.0,0.0,0.026919000083580613,0.026919000083580613,0.0,39.96062080003321,39.96062080003321,0.0,0.3126,0.3126,0.0,0.0018,0.0018,0.0,206.25,206.25,0.0,0.0,0.0,0.0,340000.0,340000.0
20000,40000.0,,,,,all,1,1,M8,M8 Proposed: NSGA-III + Top-K Graph + Hungarian,,Top-K Graph,Hungarian,,,,0.4131,1.0,1.0,,,,0.0,0.0018,255.0,0.010005298303440213,,,28.50613440014422,340000.0,#1F78B4,aggregate,single,0.0,1.0,1.0,0.0,1.0,1.0,0.0,0.010005298303440213,0.010005298303440213,0.0,28.50613440014422,28.50613440014422,0.0,0.4131,0.4131,0.0,0.0018,0.0018,0.0,255.0,255.0,0.0,0.0,0.0,0.0,340000.0,340000.0
2500,45000.0,,,,,all,1,1,M7,M7 NSGA-III + Full Graph + Hungarian,,Full Graph,Hungarian,,,,0.4288,0.9333333333333333,0.9333333333333333,,,,0.06666666666666667,0.0092,153.57142857142858,0.009471699362620711,,,9.791818799916655,357000.0,#E6AB02,aggregate,single,0.0,0.9333333333333333,0.9333333333333333,0.0,0.9333333333333333,0.9333333333333333,0.0,0.009471699362620711,0.009471699362620711,0.0,9.791818799916655,9.791818799916655,0.0,0.4288,0.4288,0.0,0.0092,0.0092,0.0,153.57142857142858,153.57142857142858,0.0,0.06666666666666667,0.06666666666666667,0.0,357000.0,357000.0
2500,45000.0,,,,,all,1,1,M8,M8 Proposed: NSGA-III + Top-K Graph + Hungarian,,Top-K Graph,Hungarian,,,,0.3832,0.9333333333333333,0.9333333333333333,,,,0.06666666666666667,0.0104,203.57142857142858,0.006448299624025822,,,8.10297859995626,357000.0,#1F78B4,aggregate,single,0.0,0.9333333333333333,0.9333333333333333,0.0,0.9333333333333333,0.9333333333333333,0.0,0.006448299624025822,0.006448299624025822,0.0,8.10297859995626,8.10297859995626,0.0,0.3832,0.3832,0.0,0.0104,0.0104,0.0,203.57142857142858,203.57142857142858,0.0,0.06666666666666667,0.06666666666666667,0.0,357000.0,357000.0
5000,45000.0,,,,,all,1,1,M7,M7 NSGA-III + Full Graph + Hungarian,,Full Graph,Hungarian,,,,0.3924,1.0,1.0,,,,0.0,0.0054,120.0,0.01132910093292594,,,14.765994900139049,382500.0,#E6AB02,aggregate,single,0.0,1.0,1.0,0.0,1.0,1.0,0.0,0.01132910093292594,0.01132910093292594,0.0,14.765994900139049,14.765994900139049,0.0,0.3924,0.3924,0.0,0.0054,0.0054,0.0,120.0,120.0,0.0,0.0,0.0,0.0,382500.0,382500.0
5000,45000.0,,,,,all,1,1,M8,M8 Proposed: NSGA-III + Top-K Graph + Hungarian,,Top-K Graph,Hungarian,,,,0.4286,0.9111111111111111,0.9111111111111111,,,,0.08888888888888889,0.0058,164.6341463414634,0.006717500975355506,,,11.330568099860102,348500.0,#1F78B4,aggregate,single,0.0,0.9111111111111111,0.9111111111111111,0.0,0.9111111111111111,0.9111111111111111,0.0,0.006717500975355506,0.006717500975355506,0.0,11.330568099860102,11.330568099860102,0.0,0.4286,0.4286,0.0,0.0058,0.0058,0.0,164.6341463414634,164.6341463414634,0.0,0.08888888888888889,0.08888888888888889,0.0,348500.0,348500.0
10000,45000.0,,,,,all,1,1,M7,M7 NSGA-III + Full Graph + Hungarian,,Full Graph,Hungarian,,,,0.34,1.0,1.0,,,,0.0,0.0032,134.44444444444446,0.017657899064943194,,,23.009819499915466,382500.0,#E6AB02,aggregate,single,0.0,1.0,1.0,0.0,1.0,1.0,0.0,0.017657899064943194,0.017657899064943194,0.0,23.009819499915466,23.009819499915466,0.0,0.34,0.34,0.0,0.0032,0.0032,0.0,134.44444444444446,134.44444444444446,0.0,0.0,0.0,0.0,382500.0,382500.0
10000,45000.0,,,,,all,1,1,M8,M8 Proposed: NSGA-III + Top-K Graph + Hungarian,,Top-K Graph,Hungarian,,,,0.4144,1.0,1.0,,,,0.0,0.0034,323.3333333333333,0.0093718022108078,,,16.90843049972318,382500.0,#1F78B4,aggregate,single,0.0,1.0,1.0,0.0,1.0,1.0,0.0,0.0093718022108078,0.0093718022108078,0.0,16.90843049972318,16.90843049972318,0.0,0.4144,0.4144,0.0,0.0034,0.0034,0.0,323.3333333333333,323.3333333333333,0.0,0.0,0.0,0.0,382500.0,382500.0
20000,45000.0,,,,,all,1,1,M7,M7 NSGA-III + Full Graph + Hungarian,,Full Graph,Hungarian,,,,0.34245,1.0,1.0,,,,0.0,0.00175,250.0,0.02775530074723065,,,40.172549000009894,382500.0,#E6AB02,aggregate,single,0.0,1.0,1.0,0.0,1.0,1.0,0.0,0.02775530074723065,0.02775530074723065,0.0,40.172549000009894,40.172549000009894,0.0,0.34245,0.34245,0.0,0.00175,0.00175,0.0,250.0,250.0,0.0,0.0,0.0,0.0,382500.0,382500.0
20000,45000.0,,,,,all,1,1,M8,M8 Proposed: NSGA-III + Top-K Graph + Hungarian,,Top-K Graph,Hungarian,,,,0.39285,0.9111111111111111,0.9111111111111111,,,,0.08888888888888889,0.0017,292.6829268292683,0.010686701396480203,,,28.71424390003085,348500.0,#1F78B4,aggregate,single,0.0,0.9111111111111111,0.9111111111111111,0.0,0.9111111111111111,0.9111111111111111,0.0,0.010686701396480203,0.010686701396480203,0.0,28.71424390003085,28.71424390003085,0.0,0.39285,0.39285,0.0,0.0017,0.0017,0.0,292.6829268292683,292.6829268292683,0.0,0.08888888888888889,0.08888888888888889,0.0,348500.0,348500.0
2500,50000.0,,,,,all,1,1,M7,M7 NSGA-III + Full Graph + Hungarian,,Full Graph,Hungarian,,,,0.3468,0.8,0.8,,,,0.2,0.0092,56.25,0.006167801097035408,,,9.630156599916518,340000.0,#E6AB02,aggregate,single,0.0,0.8,0.8,0.0,0.8,0.8,0.0,0.006167801097035408,0.006167801097035408,0.0,9.630156599916518,9.630156599916518,0.0,0.3468,0.3468,0.0,0.0092,0.0092,0.0,56.25,56.25,0.0,0.2,0.2,0.0,340000.0,340000.0
2500,50000.0,,,,,all,1,1,M8,M8 Proposed: NSGA-III + Top-K Graph + Hungarian,,Top-K Graph,Hungarian,,,,0.4124,0.8,0.8,,,,0.2,0.0132,206.25,0.007082200609147549,,,8.197422900004312,340000.0,#1F78B4,aggregate,single,0.0,0.8,0.8,0.0,0.8,0.8,0.0,0.007082200609147549,0.007082200609147549,0.0,8.197422900004312,8.197422900004312,0.0,0.4124,0.4124,0.0,0.0132,0.0132,0.0,206.25,206.25,0.0,0.2,0.2,0.0,340000.0,340000.0
5000,50000.0,,,,,all,1,1,M7,M7 NSGA-III + Full Graph + Hungarian,,Full Graph,Hungarian,,,,0.3698,1.0,1.0,,,,0.0,0.0056,150.0,0.010628399904817343,,,15.054179099854082,425000.0,#E6AB02,aggregate,single,0.0,1.0,1.0,0.0,1.0,1.0,0.0,0.010628399904817343,0.010628399904817343,0.0,15.054179099854082,15.054179099854082,0.0,0.3698,0.3698,0.0,0.0056,0.0056,0.0,150.0,150.0,0.0,0.0,0.0,0.0,425000.0,425000.0
5000,50000.0,,,,,all,1,1,M8,M8 Proposed: NSGA-III + Top-K Graph + Hungarian,,Top-K Graph,Hungarian,,,,0.5062,0.859,0.859,,,,0.141,0.0064,163.44586728754365,0.008042398374527693,,,11.471310399938375,365075.0,#1F78B4,aggregate,single,0.0,0.859,0.859,0.0,0.859,0.859,0.0,0.008042398374527693,0.008042398374527693,0.0,11.471310399938375,11.471310399938375,0.0,0.5062,0.5062,0.0,0.0064,0.0064,0.0,163.44586728754365,163.44586728754365,0.0,0.141,0.141,0.0,365075.0,365075.0
10000,50000.0,,,,,all,1,1,M7,M7 NSGA-III + Full Graph + Hungarian,,Full Graph,Hungarian,,,,0.3129,1.0,1.0,,,,0.0,0.0025,180.0,0.013627397827804089,,,22.82613579998724,425000.0,#E6AB02,aggregate,single,0.0,1.0,1.0,0.0,1.0,1.0,0.0,0.013627397827804089,0.013627397827804089,0.0,22.82613579998724,22.82613579998724,0.0,0.3129,0.3129,0.0,0.0025,0.0025,0.0,180.0,180.0,0.0,0.0,0.0,0.0,425000.0,425000.0
10000,50000.0,,,,,all,1,1,M8,M8 Proposed: NSGA-III + Top-K Graph + Hungarian,,Top-K Graph,Hungarian,,,,0.4056,1.0,1.0,,,,0.0,0.0032,240.0,0.008506297832354903,,,17.006456699920818,425000.0,#1F78B4,aggregate,single,0.0,1.0,1.0,0.0,1.0,1.0,0.0,0.008506297832354903,0.008506297832354903,0.0,17.006456699920818,17.006456699920818,0.0,0.4056,0.4056,0.0,0.0032,0.0032,0.0,240.0,240.0,0.0,0.0,0.0,0.0,425000.0,425000.0
20000,50000.0,,,,,all,1,1,M7,M7 NSGA-III + Full Graph + Hungarian,,Full Graph,Hungarian,,,,0.33955,1.0,1.0,,,,0.0,0.0022,171.48,0.02844279888086021,,,40.15487920003943,425000.0,#E6AB02,aggregate,single,0.0,1.0,1.0,0.0,1.0,1.0,0.0,0.02844279888086021,0.02844279888086021,0.0,40.15487920003943,40.15487920003943,0.0,0.33955,0.33955,0.0,0.0022,0.0022,0.0,171.48,171.48,0.0,0.0,0.0,0.0,425000.0,425000.0
20000,50000.0,,,,,all,1,1,M8,M8 Proposed: NSGA-III + Top-K Graph + Hungarian,,Top-K Graph,Hungarian,,,,0.3515,1.0,1.0,,,,0.0,0.0017,320.55,0.01061940030194819,,,28.323672200087458,425000.0,#1F78B4,aggregate,single,0.0,1.0,1.0,0.0,1.0,1.0,0.0,0.01061940030194819,0.01061940030194819,0.0,28.323672200087458,28.323672200087458,0.0,0.3515,0.3515,0.0,0.0017,0.0017,0.0,320.55,320.55,0.0,0.0,0.0,0.0,425000.0,425000.0
2500,55000.0,,,,,all,1,1,M7,M7 NSGA-III + Full Graph + Hungarian,,Full Graph,Hungarian,,,,0.3968,0.9454545454545454,0.9454545454545454,,,,0.05454545454545454,0.0112,57.69230769230769,0.010079699801281095,,,11.56488940003328,442000.0,#E6AB02,aggregate,single,0.0,0.9454545454545454,0.9454545454545454,0.0,0.9454545454545454,0.9454545454545454,0.0,0.010079699801281095,0.010079699801281095,0.0,11.56488940003328,11.56488940003328,0.0,0.3968,0.3968,0.0,0.0112,0.0112,0.0,57.69230769230769,57.69230769230769,0.0,0.05454545454545454,0.05454545454545454,0.0,442000.0,442000.0
2500,55000.0,,,,,all,1,1,M8,M8 Proposed: NSGA-III + Top-K Graph + Hungarian,,Top-K Graph,Hungarian,,,,0.4332,0.8545454545454545,0.8545454545454545,,,,0.14545454545454545,0.016,175.53191489361703,0.00869450019672513,,,9.428821099922061,399500.0,#1F78B4,aggregate,single,0.0,0.8545454545454545,0.8545454545454545,0.0,0.8545454545454545,0.8545454545454545,0.0,0.00869450019672513,0.00869450019672513,0.0,9.428821099922061,9.428821099922061,0.0,0.4332,0.4332,0.0,0.016,0.016,0.0,175.53191489361703,175.53191489361703,0.0,0.14545454545454545,0.14545454545454545,0.0,399500.0,399500.0
5000,55000.0,,,,,all,1,1,M7,M7 NSGA-III + Full Graph + Hungarian,,Full Graph,Hungarian,,,,0.4214,1.0,1.0,,,,0.0,0.0066,117.27272727272727,0.014359998283907771,,,16.88814610010013,467500.0,#E6AB02,aggregate,single,0.0,1.0,1.0,0.0,1.0,1.0,0.0,0.014359998283907771,0.014359998283907771,0.0,16.88814610010013,16.88814610010013,0.0,0.4214,0.4214,0.0,0.0066,0.0066,0.0,117.27272727272727,117.27272727272727,0.0,0.0,0.0,0.0,467500.0,467500.0
5000,55000.0,,,,,all,1,1,M8,M8 Proposed: NSGA-III + Top-K Graph + Hungarian,,Top-K Graph,Hungarian,,,,0.6016,0.8909090909090909,0.8909090909090909,,,,0.10909090909090909,0.0084,174.48979591836735,0.008995899464935064,,,12.958345500053838,416500.0,#1F78B4,aggregate,single,0.0,0.8909090909090909,0.8909090909090909,0.0,0.8909090909090909,0.8909090909090909,0.0,0.008995899464935064,0.008995899464935064,0.0,12.958345500053838,12.958345500053838,0.0,0.6016,0.6016,0.0,0.0084,0.0084,0.0,174.48979591836735,174.48979591836735,0.0,0.10909090909090909,0.10909090909090909,0.0,416500.0,416500.0
10000,55000.0,,,,,all,1,1,M7,M7 NSGA-III + Full Graph + Hungarian,,Full Graph,Hungarian,,,,0.3301,1.0,1.0,,,,0.0,0.0037,111.81818181818181,0.02034339844249189,,,25.67717060004361,467500.0,#E6AB02,aggregate,single,0.0,1.0,1.0,0.0,1.0,1.0,0.0,0.02034339844249189,0.02034339844249189,0.0,25.67717060004361,25.67717060004361,0.0,0.3301,0.3301,0.0,0.0037,0.0037,0.0,111.81818181818181,111.81818181818181,0.0,0.0,0.0,0.0,467500.0,467500.0
10000,55000.0,,,,,all,1,1,M8,M8 Proposed: NSGA-III + Top-K Graph + Hungarian,,Top-K Graph,Hungarian,,,,0.4825,0.9818181818181818,0.9818181818181818,,,,0.01818181818181818,0.0044,206.94444444444446,0.010143101215362549,,,18.312299799872562,459000.0,#1F78B4,aggregate,single,0.0,0.9818181818181818,0.9818181818181818,0.0,0.9818181818181818,0.9818181818181818,0.0,0.010143101215362549,0.010143101215362549,0.0,18.312299799872562,18.312299799872562,0.0,0.4825,0.4825,0.0,0.0044,0.0044,0.0,206.94444444444446,206.94444444444446,0.0,0.01818181818181818,0.01818181818181818,0.0,459000.0,459000.0
20000,55000.0,,,,,all,1,1,M7,M7 NSGA-III + Full Graph + Hungarian,,Full Graph,Hungarian,,,,0.3746,1.0,1.0,,,,0.0,0.00215,182.45454545454547,0.0342060006223619,,,43.63247590023093,467500.0,#E6AB02,aggregate,single,0.0,1.0,1.0,0.0,1.0,1.0,0.0,0.0342060006223619,0.0342060006223619,0.0,43.63247590023093,43.63247590023093,0.0,0.3746,0.3746,0.0,0.00215,0.00215,0.0,182.45454545454547,182.45454545454547,0.0,0.0,0.0,0.0,467500.0,467500.0
20000,55000.0,,,,,all,1,1,M8,M8 Proposed: NSGA-III + Top-K Graph + Hungarian,,Top-K Graph,Hungarian,,,,0.3889,0.8909090909090909,0.8909090909090909,,,,0.10909090909090909,0.00225,241.83673469387756,0.013686600606888533,,,29.617764600086957,416500.0,#1F78B4,aggregate,single,0.0,0.8909090909090909,0.8909090909090909,0.0,0.8909090909090909,0.8909090909090909,0.0,0.013686600606888533,0.013686600606888533,0.0,29.617764600086957,29.617764600086957,0.0,0.3889,0.3889,0.0,0.00225,0.00225,0.0,241.83673469387756,241.83673469387756,0.0,0.10909090909090909,0.10909090909090909,0.0,416500.0,416500.0
2500,60000.0,,,,,all,1,1,M7,M7 NSGA-III + Full Graph + Hungarian,,Full Graph,Hungarian,,,,0.4064,0.8,0.8,,,,0.2,0.0144,93.75,0.011059798067435622,,,10.852205700008199,408000.0,#E6AB02,aggregate,single,0.0,0.8,0.8,0.0,0.8,0.8,0.0,0.011059798067435622,0.011059798067435622,0.0,10.852205700008199,10.852205700008199,0.0,0.4064,0.4064,0.0,0.0144,0.0144,0.0,93.75,93.75,0.0,0.2,0.2,0.0,408000.0,408000.0
2500,60000.0,,,,,all,1,1,M8,M8 Proposed: NSGA-III + Top-K Graph + Hungarian,,Top-K Graph,Hungarian,,,,0.5472,0.7666666666666667,0.7666666666666667,,,,0.23333333333333334,0.014,146.7391304347826,0.007962400326505303,,,10.007302399724722,391000.0,#1F78B4,aggregate,single,0.0,0.7666666666666667,0.7666666666666667,0.0,0.7666666666666667,0.7666666666666667,0.0,0.007962400326505303,0.007962400326505303,0.0,10.007302399724722,10.007302399724722,0.0,0.5472,0.5472,0.0,0.014,0.014,0.0,146.7391304347826,146.7391304347826,0.0,0.23333333333333334,0.23333333333333334,0.0,391000.0,391000.0
5000,60000.0,,,,,all,1,1,M7,M7 NSGA-III + Full Graph + Hungarian,,Full Graph,Hungarian,,,,0.5084,0.9333333333333333,0.9333333333333333,,,,0.06666666666666667,0.0068,120.53571428571429,0.01451550074853003,,,17.53393299994059,476000.0,#E6AB02,aggregate,single,0.0,0.9333333333333333,0.9333333333333333,0.0,0.9333333333333333,0.9333333333333333,0.0,0.01451550074853003,0.01451550074853003,0.0,17.53393299994059,17.53393299994059,0.0,0.5084,0.5084,0.0,0.0068,0.0068,0.0,120.53571428571429,120.53571428571429,0.0,0.06666666666666667,0.06666666666666667,0.0,476000.0,476000.0
5000,60000.0,,,,,all,1,1,M8,M8 Proposed: NSGA-III + Top-K Graph + Hungarian,,Top-K Graph,Hungarian,,,,0.5366,0.8833333333333333,0.8833333333333333,,,,0.11666666666666667,0.0084,141.50943396226415,0.01064249873161316,,,13.103951700031757,450500.0,#1F78B4,aggregate,single,0.0,0.8833333333333333,0.8833333333333333,0.0,0.8833333333333333,0.8833333333333333,0.0,0.01064249873161316,0.01064249873161316,0.0,13.103951700031757,13.103951700031757,0.0,0.5366,0.5366,0.0,0.0084,0.0084,0.0,141.50943396226415,141.50943396226415,0.0,0.11666666666666667,0.11666666666666667,0.0,450500.0,450500.0
10000,60000.0,,,,,all,1,1,M7,M7 NSGA-III + Full Graph + Hungarian,,Full Graph,Hungarian,,,,0.3568,1.0,1.0,,,,0.0,0.0037,147.625,0.01807369920425117,,,25.540094800060615,510000.0,#E6AB02,aggregate,single,0.0,1.0,1.0,0.0,1.0,1.0,0.0,0.01807369920425117,0.01807369920425117,0.0,25.540094800060615,25.540094800060615,0.0,0.3568,0.3568,0.0,0.0037,0.0037,0.0,147.625,147.625,0.0,0.0,0.0,0.0,510000.0,510000.0
10000,60000.0,,,,,all,1,1,M8,M8 Proposed: NSGA-III + Top-K Graph + Hungarian,,Top-K Graph,Hungarian,,,,0.468,0.9666666666666667,0.9666666666666667,,,,0.03333333333333333,0.0054,318.1034482758621,0.011472899233922362,,,18.25340549997054,493000.0,#1F78B4,aggregate,single,0.0,0.9666666666666667,0.9666666666666667,0.0,0.9666666666666667,0.9666666666666667,0.0,0.011472899233922362,0.011472899233922362,0.0,18.25340549997054,18.25340549997054,0.0,0.468,0.468,0.0,0.0054,0.0054,0.0,318.1034482758621,318.1034482758621,0.0,0.03333333333333333,0.03333333333333333,0.0,493000.0,493000.0
20000,60000.0,,,,,all,1,1,M7,M7 NSGA-III + Full Graph + Hungarian,,Full Graph,Hungarian,,,,0.3568,1.0,1.0,,,,0.0,0.0021,175.0,0.030663299839943647,,,43.12899429979734,510000.0,#E6AB02,aggregate,single,0.0,1.0,1.0,0.0,1.0,1.0,0.0,0.030663299839943647,0.030663299839943647,0.0,43.12899429979734,43.12899429979734,0.0,0.3568,0.3568,0.0,0.0021,0.0021,0.0,175.0,175.0,0.0,0.0,0.0,0.0,510000.0,510000.0
20000,60000.0,,,,,all,1,1,M8,M8 Proposed: NSGA-III + Top-K Graph + Hungarian,,Top-K Graph,Hungarian,,,,0.3611,0.8833333333333333,0.8833333333333333,,,,0.11666666666666667,0.0023,241.9811320754717,0.012996400473639369,,,29.628552799811587,450500.0,#1F78B4,aggregate,single,0.0,0.8833333333333333,0.8833333333333333,0.0,0.8833333333333333,0.8833333333333333,0.0,0.012996400473639369,0.012996400473639369,0.0,29.628552799811587,29.628552799811587,0.0,0.3611,0.3611,0.0,0.0023,0.0023,0.0,241.9811320754717,241.9811320754717,0.0,0.11666666666666667,0.11666666666666667,0.0,450500.0,450500.0
2500,65000.0,,,,,all,1,1,M7,M7 NSGA-III + Full Graph + Hungarian,,Full Graph,Hungarian,,,,0.4236,0.8615384615384616,0.8615384615384616,,,,0.13846153846153847,0.0152,120.53571428571429,0.012441898928955197,,,11.563382999738678,476000.0,#E6AB02,aggregate,single,0.0,0.8615384615384616,0.8615384615384616,0.0,0.8615384615384616,0.8615384615384616,0.0,0.012441898928955197,0.012441898928955197,0.0,11.563382999738678,11.563382999738678,0.0,0.4236,0.4236,0.0,0.0152,0.0152,0.0,120.53571428571429,120.53571428571429,0.0,0.13846153846153847,0.13846153846153847,0.0,476000.0,476000.0
2500,65000.0,,,,,all,1,1,M8,M8 Proposed: NSGA-III + Top-K Graph + Hungarian,,Top-K Graph,Hungarian,,,,0.4244,0.7384615384615385,0.7384615384615385,,,,0.26153846153846155,0.014,93.75,0.007180601358413696,,,9.202803200110793,408000.0,#1F78B4,aggregate,single,0.0,0.7384615384615385,0.7384615384615385,0.0,0.7384615384615385,0.7384615384615385,0.0,0.007180601358413696,0.007180601358413696,0.0,9.202803200110793,9.202803200110793,0.0,0.4244,0.4244,0.0,0.014,0.014,0.0,93.75,93.75,0.0,0.26153846153846155,0.26153846153846155,0.0,408000.0,408000.0
5000,65000.0,,,,,all,1,1,M7,M7 NSGA-III + Full Graph + Hungarian,,Full Graph,Hungarian,,,,0.4184,1.0,1.0,,,,0.0,0.0074,152.30769230769232,0.015935200499370694,,,17.915596300037578,552500.0,#E6AB02,aggregate,single,0.0,1.0,1.0,0.0,1.0,1.0,0.0,0.015935200499370694,0.015935200499370694,0.0,17.915596300037578,17.915596300037578,0.0,0.4184,0.4184,0.0,0.0074,0.0074,0.0,152.30769230769232,152.30769230769232,0.0,0.0,0.0,0.0,552500.0,552500.0
5000,65000.0,,,,,all,1,1,M8,M8 Proposed: NSGA-III + Top-K Graph + Hungarian,,Top-K Graph,Hungarian,,,,0.5548,0.8692307692307693,0.8692307692307693,,,,0.13076923076923078,0.0088,160.61946902654867,0.01052369992248714,,,13.230549200205132,480250.0,#1F78B4,aggregate,single,0.0,0.8692307692307693,0.8692307692307693,0.0,0.8692307692307693,0.8692307692307693,0.0,0.01052369992248714,0.01052369992248714,0.0,13.230549200205132,13.230549200205132,0.0,0.5548,0.5548,0.0,0.0088,0.0088,0.0,160.61946902654867,160.61946902654867,0.0,0.13076923076923078,0.13076923076923078,0.0,480250.0,480250.0
10000,65000.0,,,,,all,1,1,M7,M7 NSGA-III + Full Graph + Hungarian,,Full Graph,Hungarian,,,,0.4825,1.0,1.0,,,,0.0,0.0041,138.46153846153845,0.02503459993749857,,,26.657412400236353,552500.0,#E6AB02,aggregate,single,0.0,1.0,1.0,0.0,1.0,1.0,0.0,0.02503459993749857,0.02503459993749857,0.0,26.657412400236353,26.657412400236353,0.0,0.4825,0.4825,0.0,0.0041,0.0041,0.0,138.46153846153845,138.46153846153845,0.0,0.0,0.0,0.0,552500.0,552500.0
10000,65000.0,,,,,all,1,1,M8,M8 Proposed: NSGA-III + Top-K Graph + Hungarian,,Top-K Graph,Hungarian,,,,0.3892,0.8769230769230769,0.8769230769230769,,,,0.12307692307692308,0.0048,189.82456140350877,0.011607699329033494,,,19.063931999728084,484500.0,#1F78B4,aggregate,single,0.0,0.8769230769230769,0.8769230769230769,0.0,0.8769230769230769,0.8769230769230769,0.0,0.011607699329033494,0.011607699329033494,0.0,19.063931999728084,19.063931999728084,0.0,0.3892,0.3892,0.0,0.0048,0.0048,0.0,189.82456140350877,189.82456140350877,0.0,0.12307692307692308,0.12307692307692308,0.0,484500.0,484500.0
20000,65000.0,,,,,all,1,1,M7,M7 NSGA-III + Full Graph + Hungarian,,Full Graph,Hungarian,,,,0.33155,1.0,1.0,,,,0.0,0.0024,155.76923076923077,0.032119799638167024,,,44.17293810006231,552500.0,#E6AB02,aggregate,single,0.0,1.0,1.0,0.0,1.0,1.0,0.0,0.032119799638167024,0.032119799638167024,0.0,44.17293810006231,44.17293810006231,0.0,0.33155,0.33155,0.0,0.0024,0.0024,0.0,155.76923076923077,155.76923076923077,0.0,0.0,0.0,0.0,552500.0,552500.0
20000,65000.0,,,,,all,1,1,M8,M8 Proposed: NSGA-III + Top-K Graph + Hungarian,,Top-K Graph,Hungarian,,,,0.3615,0.9056410256410257,0.9056410256410257,,,,0.09435897435897436,0.00285,273.49943374858435,0.014941699104383588,,,29.98886450007558,500366.6666666667,#1F78B4,aggregate,single,0.0,0.9056410256410257,0.9056410256410257,0.0,0.9056410256410257,0.9056410256410257,0.0,0.014941699104383588,0.014941699104383588,0.0,29.98886450007558,29.98886450007558,0.0,0.3615,0.3615,0.0,0.00285,0.00285,0.0,273.49943374858435,273.49943374858435,0.0,0.09435897435897436,0.09435897435897436,0.0,500366.6666666667,500366.6666666667
2500,70000.0,,,,,all,1,1,M7,M7 NSGA-III + Full Graph + Hungarian,,Full Graph,Hungarian,,,,0.4172,0.8142857142857143,0.8142857142857143,,,,0.08064516129032258,0.012,89.47368421052632,0.009891198016703129,,,11.090108500095084,484500.0,#E6AB02,aggregate,single,0.0,0.8142857142857143,0.8142857142857143,0.0,0.8142857142857143,0.8142857142857143,0.0,0.009891198016703129,0.009891198016703129,0.0,11.090108500095084,11.090108500095084,0.0,0.4172,0.4172,0.0,0.012,0.012,0.0,89.47368421052632,89.47368421052632,0.0,0.08064516129032258,0.08064516129032258,0.0,484500.0,484500.0
2500,70000.0,,,,,all,1,1,M8,M8 Proposed: NSGA-III + Top-K Graph + Hungarian,,Top-K Graph,Hungarian,,,,0.4752,0.6857142857142857,0.6857142857142857,,,,0.3142857142857143,0.0172,215.625,0.00906760012730956,,,9.724742000224069,408000.0,#1F78B4,aggregate,single,0.0,0.6857142857142857,0.6857142857142857,0.0,0.6857142857142857,0.6857142857142857,0.0,0.00906760012730956,0.00906760012730956,0.0,9.724742000224069,9.724742000224069,0.0,0.4752,0.4752,0.0,0.0172,0.0172,0.0,215.625,215.625,0.0,0.3142857142857143,0.3142857142857143,0.0,408000.0,408000.0
5000,70000.0,,,,,all,1,1,M7,M7 NSGA-III + Full Graph + Hungarian,,Full Graph,Hungarian,,,,0.3808,0.8928571428571429,0.8928571428571429,,,,0.10714285714285714,0.0078,189.48,0.018113900907337666,,,17.867109099868685,531250.0,#E6AB02,aggregate,single,0.0,0.8928571428571429,0.8928571428571429,0.0,0.8928571428571429,0.8928571428571429,0.0,0.018113900907337666,0.018113900907337666,0.0,17.867109099868685,17.867109099868685,0.0,0.3808,0.3808,0.0,0.0078,0.0078,0.0,189.48,189.48,0.0,0.10714285714285714,0.10714285714285714,0.0,531250.0,531250.0
5000,70000.0,,,,,all,1,1,M8,M8 Proposed: NSGA-III + Top-K Graph + Hungarian,,Top-K Graph,Hungarian,,,,0.498,0.8714285714285714,0.8714285714285714,,,,0.12857142857142856,0.0078,154.79508196721312,0.009567799046635628,,,13.165773700224236,518500.0,#1F78B4,aggregate,single,0.0,0.8714285714285714,0.8714285714285714,0.0,0.8714285714285714,0.8714285714285714,0.0,0.009567799046635628,0.009567799046635628,0.0,13.165773700224236,13.165773700224236,0.0,0.498,0.498,0.0,0.0078,0.0078,0.0,154.79508196721312,154.79508196721312,0.0,0.12857142857142856,0.12857142857142856,0.0,518500.0,518500.0
10000,70000.0,,,,,all,1,1,M7,M7 NSGA-III + Full Graph + Hungarian,,Full Graph,Hungarian,,,,0.4282,1.0,1.0,,,,0.0,0.0036,109.28571428571429,0.019608899718150496,,,26.739986199885607,595000.0,#E6AB02,aggregate,single,0.0,1.0,1.0,0.0,1.0,1.0,0.0,0.019608899718150496,0.019608899718150496,0.0,26.739986199885607,26.739986199885607,0.0,0.4282,0.4282,0.0,0.0036,0.0036,0.0,109.28571428571429,109.28571428571429,0.0,0.0,0.0,0.0,595000.0,595000.0
10000,70000.0,,,,,all,1,1,M8,M8 Proposed: NSGA-III + Top-K Graph + Hungarian,,Top-K Graph,Hungarian,,,,0.4388,0.9,0.9,,,,0.1,0.0049,223.8095238095238,0.011006800690665841,,,18.913073600269854,535500.0,#1F78B4,aggregate,single,0.0,0.9,0.9,0.0,0.9,0.9,0.0,0.011006800690665841,0.011006800690665841,0.0,18.913073600269854,18.913073600269854,0.0,0.4388,0.4388,0.0,0.0049,0.0049,0.0,223.8095238095238,223.8095238095238,0.0,0.1,0.1,0.0,535500.0,535500.0
20000,70000.0,,,,,all,1,1,M7,M7 NSGA-III + Full Graph + Hungarian,,Full Graph,Hungarian,,,,0.3379,1.0,1.0,,,,0.0,0.00245,132.85714285714286,0.03330000024288893,,,44.363001300022006,595000.0,#E6AB02,aggregate,single,0.0,1.0,1.0,0.0,1.0,1.0,0.0,0.03330000024288893,0.03330000024288893,0.0,44.363001300022006,44.363001300022006,0.0,0.3379,0.3379,0.0,0.00245,0.00245,0.0,132.85714285714286,132.85714285714286,0.0,0.0,0.0,0.0,595000.0,595000.0
20000,70000.0,,,,,all,1,1,M8,M8 Proposed: NSGA-III + Top-K Graph + Hungarian,,Top-K Graph,Hungarian,,,,0.35575,0.9285714285714287,0.9285714285714287,,,,0.07142857142857142,0.00245,246.9230769230769,0.012170500587671995,,,30.165088800014928,552500.0000000001,#1F78B4,aggregate,single,0.0,0.9285714285714287,0.9285714285714287,0.0,0.9285714285714287,0.9285714285714287,0.0,0.012170500587671995,0.012170500587671995,0.0,30.165088800014928,30.165088800014928,0.0,0.35575,0.35575,0.0,0.00245,0.00245,0.0,246.9230769230769,246.9230769230769,0.0,0.07142857142857142,0.07142857142857142,0.0,552500.0000000001,552500.0000000001
2500,75000.0,,,,,all,1,1,M7,M7 NSGA-III + Full Graph + Hungarian,,Full Graph,Hungarian,,,,0.38,0.7333333333333333,0.7333333333333333,,,,0.26666666666666666,0.0116,13.636363636363637,0.00984410080127418,,,11.308873599860817,467500.0,#E6AB02,aggregate,single,0.0,0.7333333333333333,0.7333333333333333,0.0,0.7333333333333333,0.7333333333333333,0.0,0.00984410080127418,0.00984410080127418,0.0,11.308873599860817,11.308873599860817,0.0,0.38,0.38,0.0,0.0116,0.0116,0.0,13.636363636363637,13.636363636363637,0.0,0.26666666666666666,0.26666666666666666,0.0,467500.0,467500.0
2500,75000.0,,,,,all,1,1,M8,M8 Proposed: NSGA-III + Top-K Graph + Hungarian,,Top-K Graph,Hungarian,,,,0.5208,0.6666666666666666,0.6666666666666666,,,,0.3333333333333333,0.0176,135.0,0.009537100326269865,,,9.76935310009867,425000.0,#1F78B4,aggregate,single,0.0,0.6666666666666666,0.6666666666666666,0.0,0.6666666666666666,0.6666666666666666,0.0,0.009537100326269865,0.009537100326269865,0.0,9.76935310009867,9.76935310009867,0.0,0.5208,0.5208,0.0,0.0176,0.0176,0.0,135.0,135.0,0.0,0.3333333333333333,0.3333333333333333,0.0,425000.0,425000.0
5000,75000.0,,,,,all,1,1,M7,M7 NSGA-III + Full Graph + Hungarian,,Full Graph,Hungarian,,,,0.3946,0.9333333333333333,0.9333333333333333,,,,0.06666666666666667,0.0084,160.71428571428572,0.016534899594262242,,,16.969541600206867,595000.0,#E6AB02,aggregate,single,0.0,0.9333333333333333,0.9333333333333333,0.0,0.9333333333333333,0.9333333333333333,0.0,0.016534899594262242,0.016534899594262242,0.0,16.969541600206867,16.969541600206867,0.0,0.3946,0.3946,0.0,0.0084,0.0084,0.0,160.71428571428572,160.71428571428572,0.0,0.06666666666666667,0.06666666666666667,0.0,595000.0,595000.0
5000,75000.0,,,,,all,1,1,M8,M8 Proposed: NSGA-III + Top-K Graph + Hungarian,,Top-K Graph,Hungarian,,,,0.5034,0.8,0.8,,,,0.2,0.0076,187.5,0.009575900388881564,,,12.9316208998207,510000.0,#1F78B4,aggregate,single,0.0,0.8,0.8,0.0,0.8,0.8,0.0,0.009575900388881564,0.009575900388881564,0.0,12.9316208998207,12.9316208998207,0.0,0.5034,0.5034,0.0,0.0076,0.0076,0.0,187.5,187.5,0.0,0.2,0.2,0.0,510000.0,510000.0
10000,75000.0,,,,,all,1,1,M7,M7 NSGA-III + Full Graph + Hungarian,,Full Graph,Hungarian,,,,0.3986,1.0,1.0,,,,0.0,0.004,130.0,0.01966050104238093,,,27.268438500119373,637500.0,#E6AB02,aggregate,single,0.0,1.0,1.0,0.0,1.0,1.0,0.0,0.01966050104238093,0.01966050104238093,0.0,27.268438500119373,27.268438500119373,0.0,0.3986,0.3986,0.0,0.004,0.004,0.0,130.0,130.0,0.0,0.0,0.0,0.0,637500.0,637500.0
10000,75000.0,,,,,all,1,1,M8,M8 Proposed: NSGA-III + Top-K Graph + Hungarian,,Top-K Graph,Hungarian,,,,0.4431,0.9,0.9,,,,0.1,0.0056,207.40740740740742,0.012346198782324791,,,18.99466159986332,573750.0,#1F78B4,aggregate,single,0.0,0.9,0.9,0.0,0.9,0.9,0.0,0.012346198782324791,0.012346198782324791,0.0,18.99466159986332,18.99466159986332,0.0,0.4431,0.4431,0.0,0.0056,0.0056,0.0,207.40740740740742,207.40740740740742,0.0,0.1,0.1,0.0,573750.0,573750.0
20000,75000.0,,,,,all,1,1,M7,M7 NSGA-III + Full Graph + Hungarian,,Full Graph,Hungarian,,,,0.3218,1.0,1.0,,,,0.0,0.00195,160.0,0.02884509996511042,,,44.080333600053564,637500.0,#E6AB02,aggregate,single,0.0,1.0,1.0,0.0,1.0,1.0,0.0,0.02884509996511042,0.02884509996511042,0.0,44.080333600053564,44.080333600053564,0.0,0.3218,0.3218,0.0,0.00195,0.00195,0.0,160.0,160.0,0.0,0.0,0.0,0.0,637500.0,637500.0
20000,75000.0,,,,,all,1,1,M8,M8 Proposed: NSGA-III + Top-K Graph + Hungarian,,Top-K Graph,Hungarian,,,,0.33735,0.8666666666666667,0.8666666666666667,,,,0.13333333333333333,0.00245,250.0,0.012480400269851089,,,29.740301999961957,552500.0,#1F78B4,aggregate,single,0.0,0.8666666666666667,0.8666666666666667,0.0,0.8666666666666667,0.8666666666666667,0.0,0.012480400269851089,0.012480400269851089,0.0,29.740301999961957,29.740301999961957,0.0,0.33735,0.33735,0.0,0.00245,0.00245,0.0,250.0,250.0,0.0,0.13333333333333333,0.13333333333333333,0.0,552500.0,552500.0
2500,80000.0,,,,,all,1,1,M7,M7 NSGA-III + Full Graph + Hungarian,,Full Graph,Hungarian,,,,0.3612,0.775,0.775,,,,0.20512820512820512,0.018,108.87096774193549,0.013961099786683917,,,12.911574400030077,527000.0,#E6AB02,aggregate,single,0.0,0.775,0.775,0.0,0.775,0.775,0.0,0.013961099786683917,0.013961099786683917,0.0,12.911574400030077,12.911574400030077,0.0,0.3612,0.3612,0.0,0.018,0.018,0.0,108.87096774193549,108.87096774193549,0.0,0.20512820512820512,0.20512820512820512,0.0,527000.0,527000.0
2500,80000.0,,,,,all,1,1,M8,M8 Proposed: NSGA-III + Top-K Graph + Hungarian,,Top-K Graph,Hungarian,,,,0.4692,0.65,0.65,,,,0.2625,0.0184,72.11538461538461,0.009382600663229823,,,10.65680389967747,440950.0,#1F78B4,aggregate,single,0.0,0.65,0.65,0.0,0.65,0.65,0.0,0.009382600663229823,0.009382600663229823,0.0,10.65680389967747,10.65680389967747,0.0,0.4692,0.4692,0.0,0.0184,0.0184,0.0,72.11538461538461,72.11538461538461,0.0,0.2625,0.2625,0.0,440950.0,440950.0
5000,80000.0,,,,,all,1,1,M7,M7 NSGA-III + Full Graph + Hungarian,,Full Graph,Hungarian,,,,0.597,0.975,0.975,,,,0.025,0.01,163.46153846153845,0.022448001196607947,,,20.085630300221965,663000.0,#E6AB02,aggregate,single,0.0,0.975,0.975,0.0,0.975,0.975,0.0,0.022448001196607947,0.022448001196607947,0.0,20.085630300221965,20.085630300221965,0.0,0.597,0.597,0.0,0.01,0.01,0.0,163.46153846153845,163.46153846153845,0.0,0.025,0.025,0.0,663000.0,663000.0
5000,80000.0,,,,,all,1,1,M8,M8 Proposed: NSGA-III + Top-K Graph + Hungarian,,Top-K Graph,Hungarian,,,,0.6422,0.9,0.9,,,,0.1,0.01,166.66666666666666,0.010738701093941927,,,14.777023499831557,612000.0,#1F78B4,aggregate,single,0.0,0.9,0.9,0.0,0.9,0.9,0.0,0.010738701093941927,0.010738701093941927,0.0,14.777023499831557,14.777023499831557,0.0,0.6422,0.6422,0.0,0.01,0.01,0.0,166.66666666666666,166.66666666666666,0.0,0.1,0.1,0.0,612000.0,612000.0
10000,80000.0,,,,,all,1,1,M7,M7 NSGA-III + Full Graph + Hungarian,,Full Graph,Hungarian,,,,0.4158,1.0,1.0,,,,0.0,0.005,165.9375,0.023484101053327322,,,28.675260900286958,680000.0,#E6AB02,aggregate,single,0.0,1.0,1.0,0.0,1.0,1.0,0.0,0.023484101053327322,0.023484101053327322,0.0,28.675260900286958,28.675260900286958,0.0,0.4158,0.4158,0.0,0.005,0.005,0.0,165.9375,165.9375,0.0,0.0,0.0,0.0,680000.0,680000.0
10000,80000.0,,,,,all,1,1,M8,M8 Proposed: NSGA-III + Top-K Graph + Hungarian,,Top-K Graph,Hungarian,,,,0.4418,0.8625,0.8625,,,,0.1375,0.006,254.34782608695653,0.01220760028809309,,,19.693042300175875,586500.0,#1F78B4,aggregate,single,0.0,0.8625,0.8625,0.0,0.8625,0.8625,0.0,0.01220760028809309,0.01220760028809309,0.0,19.693042300175875,19.693042300175875,0.0,0.4418,0.4418,0.0,0.006,0.006,0.0,254.34782608695653,254.34782608695653,0.0,0.1375,0.1375,0.0,586500.0,586500.0
20000,80000.0,,,,,all,1,1,M7,M7 NSGA-III + Full Graph + Hungarian,,Full Graph,Hungarian,,,,0.4189,0.9875,0.9875,,,,0.0125,0.00285,174.68354430379748,0.04096190049313009,,,46.64662849972956,671500.0,#E6AB02,aggregate,single,0.0,0.9875,0.9875,0.0,0.9875,0.9875,0.0,0.04096190049313009,0.04096190049313009,0.0,46.64662849972956,46.64662849972956,0.0,0.4189,0.4189,0.0,0.00285,0.00285,0.0,174.68354430379748,174.68354430379748,0.0,0.0125,0.0125,0.0,671500.0,671500.0
20000,80000.0,,,,,all,1,1,M8,M8 Proposed: NSGA-III + Top-K Graph + Hungarian,,Top-K Graph,Hungarian,,,,0.37785,0.8625,0.8625,,,,0.1375,0.00305,208.69565217391303,0.015228200005367398,,,30.79571419977583,586500.0,#1F78B4,aggregate,single,0.0,0.8625,0.8625,0.0,0.8625,0.8625,0.0,0.015228200005367398,0.015228200005367398,0.0,30.79571419977583,30.79571419977583,0.0,0.37785,0.37785,0.0,0.00305,0.00305,0.0,208.69565217391303,208.69565217391303,0.0,0.1375,0.1375,0.0,586500.0,586500.0
